4,14,nil,自動登録,経営学基礎,石川　淳,2,1,2,M302,1,nil,https://sy.rikkyo.ac.jp/timetable/slbssbdr.do?value(risyunen)=2016&value(semekikn)=1&value(kougicd)=BT031&value(crclumcd)=,2016
4,14,nil,自動登録,経営学基礎,松本　茂,2,1,2,M201,1,nil,https://sy.rikkyo.ac.jp/timetable/slbssbdr.do?value(risyunen)=2016&value(semekikn)=1&value(kougicd)=BT032&value(crclumcd)=,2016
4,14,nil,自動登録,経営学基礎,佐々木　宏,2,1,2,M301,1,nil,https://sy.rikkyo.ac.jp/timetable/slbssbdr.do?value(risyunen)=2016&value(semekikn)=1&value(kougicd)=BT033&value(crclumcd)=,2016
4,14,BUS1000,自動登録,経営学入門,有馬　賢治,1,1,2,M301,1,nil,https://sy.rikkyo.ac.jp/timetable/slbssbdr.do?value(risyunen)=2016&value(semekikn)=1&value(kougicd)=BT001&value(crclumcd)=,2016
4,14,BUS1000,自動登録,経営学入門,鈴木　秀一,1,1,2,M201,1,nil,https://sy.rikkyo.ac.jp/timetable/slbssbdr.do?value(risyunen)=2016&value(semekikn)=1&value(kougicd)=BT002&value(crclumcd)=,2016
4,14,BUS1000,自動登録,経営学入門,2野　晶二,1,1,2,M302,1,nil,https://sy.rikkyo.ac.jp/timetable/slbssbdr.do?value(risyunen)=2016&value(semekikn)=1&value(kougicd)=BT003&value(crclumcd)=,2016
4,14,BUS1000,自動登録,経営学入門,佐々木　宏,1,1,2,8303,1,nil,https://sy.rikkyo.ac.jp/timetable/slbssbdr.do?value(risyunen)=2016&value(semekikn)=1&value(kougicd)=BT004&value(crclumcd)=,2016
4,14,BUS2200,BT069,経営学のための数学,山下　利之,2,1,2,4342,1,nil,https://sy.rikkyo.ac.jp/timetable/slbssbdr.do?value(risyunen)=2016&value(semekikn)=1&value(kougicd)=BT069&value(crclumcd)=,2016
4,14,BUS1000,自動登録,ビジネス概論Ａ,石川　淳,2,1,2,M302,1,nil,https://sy.rikkyo.ac.jp/timetable/slbssbdr.do?value(risyunen)=2016&value(semekikn)=1&value(kougicd)=BT011&value(crclumcd)=,2016
4,14,BUS1000,自動登録,ビジネス概論Ａ,松本　茂,2,1,2,M201,1,nil,https://sy.rikkyo.ac.jp/timetable/slbssbdr.do?value(risyunen)=2016&value(semekikn)=1&value(kougicd)=BT012&value(crclumcd)=,2016
4,14,BUS1000,自動登録,ビジネス概論Ａ,佐々木　宏,2,1,2,M301,1,nil,https://sy.rikkyo.ac.jp/timetable/slbssbdr.do?value(risyunen)=2016&value(semekikn)=1&value(kougicd)=BT013&value(crclumcd)=,2016
4,14,BUS3100,BT126,消費者行動論,岩下　仁,1,1,3,8101,1,nil,https://sy.rikkyo.ac.jp/timetable/slbssbdr.do?value(risyunen)=2016&value(semekikn)=1&value(kougicd)=BT126&value(crclumcd)=,2016
4,14,BUS3200,BT107,比較組織論,村上　綱実,1,1,3,MB01,1,nil,https://sy.rikkyo.ac.jp/timetable/slbssbdr.do?value(risyunen)=2016&value(semekikn)=1&value(kougicd)=BT107&value(crclumcd)=,2016
4,14,BUS3300,BT186,ファイナンスのための数学,柿中　真,2,1,3,D401,1,nil,https://sy.rikkyo.ac.jp/timetable/slbssbdr.do?value(risyunen)=2016&value(semekikn)=1&value(kougicd)=BT186&value(crclumcd)=,2016
4,14,BUS2013,その他,ワークショップ演習Ｅ,宮錦　三樹,2,1,3,7302,1,nil,https://sy.rikkyo.ac.jp/timetable/slbssbdr.do?value(risyunen)=2016&value(semekikn)=1&value(kougicd)=BT285&value(crclumcd)=,2016
4,14,BUS2013,その他,ワークショップ演習Ａ,宮錦　三樹,1,1,3,7302,1,nil,https://sy.rikkyo.ac.jp/timetable/slbssbdr.do?value(risyunen)=2016&value(semekikn)=1&value(kougicd)=BT281&value(crclumcd)=,2016
4,14,GBU3201,BT238,Topics in Business 3,ロイ，ジャン．,1,1,3,6406,1,nil,https://sy.rikkyo.ac.jp/timetable/slbssbdr.do?value(risyunen)=2016&value(semekikn)=1&value(kougicd)=BT238&value(crclumcd)=,2016
4,14,GBU3201,BT238,Topics in Business 3,ロイ，ジャン．,1,1,4,6406,1,nil,https://sy.rikkyo.ac.jp/timetable/slbssbdr.do?value(risyunen)=2016&value(semekikn)=1&value(kougicd)=BT238&value(crclumcd)=,2016
4,14,BUS3200,BT114,イノベーション・マネジメント,荒井　将志,2,1,4,A203,1,nil,https://sy.rikkyo.ac.jp/timetable/slbssbdr.do?value(risyunen)=2016&value(semekikn)=1&value(kougicd)=BT114&value(crclumcd)=,2016
4,14,BUS2200,BT111,経営と技術,荒井　将志,1,1,4,4402,1,nil,https://sy.rikkyo.ac.jp/timetable/slbssbdr.do?value(risyunen)=2016&value(semekikn)=1&value(kougicd)=BT111&value(crclumcd)=,2016
4,14,BUS3100,BT123,リテイル・マーケティング,高岡　美佳,1,1,4,7101,1,nil,https://sy.rikkyo.ac.jp/timetable/slbssbdr.do?value(risyunen)=2016&value(semekikn)=1&value(kougicd)=BT123&value(crclumcd)=,2016
4,14,BUS2100,BT124,流通システム論,高岡　美佳,2,1,4,5122,1,nil,https://sy.rikkyo.ac.jp/timetable/slbssbdr.do?value(risyunen)=2016&value(semekikn)=1&value(kougicd)=BT124&value(crclumcd)=,2016
4,14,BUS3800,抽選登録,企業人セミナー３,高山　千弘,2,1,5,7301,1,nil,https://sy.rikkyo.ac.jp/timetable/slbssbdr.do?value(risyunen)=2016&value(semekikn)=1&value(kougicd)=BT223&value(crclumcd)=,2016
4,14,BUS2700,BT091,サステナビリティ　＆　ビジネス,広石　拓司,1,1,5,5122,1,nil,https://sy.rikkyo.ac.jp/timetable/slbssbdr.do?value(risyunen)=2016&value(semekikn)=1&value(kougicd)=BT091&value(crclumcd)=,2016
4,14,GBU2010,その他,2年次演習1,白石　典義,1,1,5,1103,1,nil,https://sy.rikkyo.ac.jp/timetable/slbssbdr.do?value(risyunen)=2016&value(semekikn)=1&value(kougicd)=BT308&value(crclumcd)=,2016
4,14,GBU2010,その他,2年次演習2,白石　典義,2,1,5,1103,1,nil,https://sy.rikkyo.ac.jp/timetable/slbssbdr.do?value(risyunen)=2016&value(semekikn)=1&value(kougicd)=BT358&value(crclumcd)=,2016
4,14,GBU3201,BT236,Topics in Business 1,スワード，Ｊ．,1,1,5,D602,1,nil,https://sy.rikkyo.ac.jp/timetable/slbssbdr.do?value(risyunen)=2016&value(semekikn)=1&value(kougicd)=BT236&value(crclumcd)=,2016
4,14,GBU3201,BT236,Topics in Business 1,スワード，Ｊ．,1,1,6,D602,1,nil,https://sy.rikkyo.ac.jp/timetable/slbssbdr.do?value(risyunen)=2016&value(semekikn)=1&value(kougicd)=BT236&value(crclumcd)=,2016
4,14,GBU3401,BT131,Business Negotiation,オコーナー,1,1,6,M301,1,nil,https://sy.rikkyo.ac.jp/timetable/slbssbdr.do?value(risyunen)=2016&value(semekikn)=1&value(kougicd)=BT131&value(crclumcd)=,2016
4,14,BUS2200,BT027,経営と心理,鹿生　治行,1,2,1,5122,1,nil,https://sy.rikkyo.ac.jp/timetable/slbssbdr.do?value(risyunen)=2016&value(semekikn)=1&value(kougicd)=BT027&value(crclumcd)=,2016
4,14,BUS1000,自動登録,経済学入門,宮錦　三樹,1,2,1,M202,1,nil,https://sy.rikkyo.ac.jp/timetable/slbssbdr.do?value(risyunen)=2016&value(semekikn)=1&value(kougicd)=BT036&value(crclumcd)=,2016
4,14,nil,自動登録,ミクロ経済学,宮錦　三樹,1,2,1,M202,1,nil,https://sy.rikkyo.ac.jp/timetable/slbssbdr.do?value(risyunen)=2016&value(semekikn)=1&value(kougicd)=BT035&value(crclumcd)=,2016
4,14,GBU3401,抽選登録,Intercultural Business Management,許　佑旭,1,2,2,7204,1,nil,https://sy.rikkyo.ac.jp/timetable/slbssbdr.do?value(risyunen)=2016&value(semekikn)=1&value(kougicd)=BT205&value(crclumcd)=,2016
4,14,GBU3401,抽選登録,Intercultural Business Management,許　佑旭,2,2,2,7204,1,nil,https://sy.rikkyo.ac.jp/timetable/slbssbdr.do?value(risyunen)=2016&value(semekikn)=1&value(kougicd)=BT210&value(crclumcd)=,2016
4,14,BUS2510,自動またはその他,ＢＬ２,舘野　泰一,1,2,2,1204,1,nil,https://sy.rikkyo.ac.jp/timetable/slbssbdr.do?value(risyunen)=2016&value(semekikn)=1&value(kougicd)=BT613&value(crclumcd)=,2016
4,14,BUS2510,自動またはその他,ＢＬ２,高橋　俊之,1,2,2,A202,1,nil,https://sy.rikkyo.ac.jp/timetable/slbssbdr.do?value(risyunen)=2016&value(semekikn)=1&value(kougicd)=BT614&value(crclumcd)=,2016
4,14,BUS2510,自動またはその他,ＢＬ２,永禮　弘之,1,2,2,X306,1,nil,https://sy.rikkyo.ac.jp/timetable/slbssbdr.do?value(risyunen)=2016&value(semekikn)=1&value(kougicd)=BT615&value(crclumcd)=,2016
4,14,BUS2510,自動またはその他,ＢＬ２,藤田　勝利,1,2,2,9B01,1,nil,https://sy.rikkyo.ac.jp/timetable/slbssbdr.do?value(risyunen)=2016&value(semekikn)=1&value(kougicd)=BT616&value(crclumcd)=,2016
4,14,BUS2510,自動またはその他,ＢＬ２,赤松　重彦,1,2,2,X209,1,nil,https://sy.rikkyo.ac.jp/timetable/slbssbdr.do?value(risyunen)=2016&value(semekikn)=1&value(kougicd)=BT617&value(crclumcd)=,2016
4,14,BUS2510,自動またはその他,ＢＬ２,川崎　善行,1,2,2,X207,1,nil,https://sy.rikkyo.ac.jp/timetable/slbssbdr.do?value(risyunen)=2016&value(semekikn)=1&value(kougicd)=BT618&value(crclumcd)=,2016
4,14,BUS2510,自動またはその他,ＢＬ２,吉成　篤,1,2,2,X208,1,nil,https://sy.rikkyo.ac.jp/timetable/slbssbdr.do?value(risyunen)=2016&value(semekikn)=1&value(kougicd)=BT619&value(crclumcd)=,2016
4,14,BUS2510,自動またはその他,ＢＬ２,宮本　竜弥,1,2,2,9B03,1,nil,https://sy.rikkyo.ac.jp/timetable/slbssbdr.do?value(risyunen)=2016&value(semekikn)=1&value(kougicd)=BT620&value(crclumcd)=,2016
4,14,BUS2510,自動またはその他,ＢＬ２,宇田　武文,1,2,2,A201,1,nil,https://sy.rikkyo.ac.jp/timetable/slbssbdr.do?value(risyunen)=2016&value(semekikn)=1&value(kougicd)=BT621&value(crclumcd)=,2016
4,14,BUS2510,自動またはその他,ＢＬ２,松下　慶太,1,2,2,X206,1,nil,https://sy.rikkyo.ac.jp/timetable/slbssbdr.do?value(risyunen)=2016&value(semekikn)=1&value(kougicd)=BT622&value(crclumcd)=,2016
4,14,GBU2101,BT167,Marketing Positioning Strategy,キャロライン,2,2,2,D501,1,nil,https://sy.rikkyo.ac.jp/timetable/slbssbdr.do?value(risyunen)=2016&value(semekikn)=1&value(kougicd)=BT167&value(crclumcd)=,2016
4,14,GBU2101,BT161,Marketing Management in Japan,キャロライン,1,2,2,4339,1,nil,https://sy.rikkyo.ac.jp/timetable/slbssbdr.do?value(risyunen)=2016&value(semekikn)=1&value(kougicd)=BT161&value(crclumcd)=,2016
4,14,GBU3201,BT165,International Human Resource Management,許　佑旭,2,2,3,D401,1,nil,https://sy.rikkyo.ac.jp/timetable/slbssbdr.do?value(risyunen)=2016&value(semekikn)=1&value(kougicd)=BT165&value(crclumcd)=,2016
4,14,GBU2201,BT175,Introduction to Strategic Management,フォウラー，Ｒ,1,2,3,5323,1,nil,https://sy.rikkyo.ac.jp/timetable/slbssbdr.do?value(risyunen)=2016&value(semekikn)=1&value(kougicd)=BT175&value(crclumcd)=,2016
4,14,BUS4810,その他,卒論演習1,鈴木　秀一,1,2,3,6204,1,nil,https://sy.rikkyo.ac.jp/timetable/slbssbdr.do?value(risyunen)=2016&value(semekikn)=1&value(kougicd)=BT509&value(crclumcd)=,2016
4,14,GBU4810,その他,卒論演習1,デイヴィス，Ｓ,1,2,3,1104,1,nil,https://sy.rikkyo.ac.jp/timetable/slbssbdr.do?value(risyunen)=2016&value(semekikn)=1&value(kougicd)=BT511&value(crclumcd)=,2016
4,14,BUS4810,その他,卒論演習2,鈴木　秀一,2,2,3,6204,1,nil,https://sy.rikkyo.ac.jp/timetable/slbssbdr.do?value(risyunen)=2016&value(semekikn)=1&value(kougicd)=BT559&value(crclumcd)=,2016
4,14,GBU4810,その他,卒論演習2,デイヴィス，Ｓ,2,2,3,1104,1,nil,https://sy.rikkyo.ac.jp/timetable/slbssbdr.do?value(risyunen)=2016&value(semekikn)=1&value(kougicd)=BT561&value(crclumcd)=,2016
4,14,BUS1510,自動またはその他,ＢＬ１,赤松　重彦,2,2,3,1201,1,nil,https://sy.rikkyo.ac.jp/timetable/slbssbdr.do?value(risyunen)=2016&value(semekikn)=1&value(kougicd)=BT601&value(crclumcd)=,2016
4,14,BUS1510,自動またはその他,ＢＬ１,舘野　泰一,2,2,3,A202,1,nil,https://sy.rikkyo.ac.jp/timetable/slbssbdr.do?value(risyunen)=2016&value(semekikn)=1&value(kougicd)=BT602&value(crclumcd)=,2016
4,14,BUS1510,自動またはその他,ＢＬ１,宮本　竜弥,2,2,3,4403,1,nil,https://sy.rikkyo.ac.jp/timetable/slbssbdr.do?value(risyunen)=2016&value(semekikn)=1&value(kougicd)=BT603&value(crclumcd)=,2016
4,14,BUS1510,自動またはその他,ＢＬ１,永禮　弘之,2,2,3,4404,1,nil,https://sy.rikkyo.ac.jp/timetable/slbssbdr.do?value(risyunen)=2016&value(semekikn)=1&value(kougicd)=BT604&value(crclumcd)=,2016
4,14,BUS1510,自動またはその他,ＢＬ１,谷口　潤,2,2,3,4411,1,nil,https://sy.rikkyo.ac.jp/timetable/slbssbdr.do?value(risyunen)=2016&value(semekikn)=1&value(kougicd)=BT605&value(crclumcd)=,2016
4,14,BUS1510,自動またはその他,ＢＬ１,森　理宇子,2,2,3,4412,1,nil,https://sy.rikkyo.ac.jp/timetable/slbssbdr.do?value(risyunen)=2016&value(semekikn)=1&value(kougicd)=BT606&value(crclumcd)=,2016
4,14,BUS1510,自動またはその他,ＢＬ１,長田　太郎,2,2,3,5309,1,nil,https://sy.rikkyo.ac.jp/timetable/slbssbdr.do?value(risyunen)=2016&value(semekikn)=1&value(kougicd)=BT607&value(crclumcd)=,2016
4,14,BUS1510,自動またはその他,ＢＬ１,高橋　俊之,2,2,3,5409,1,nil,https://sy.rikkyo.ac.jp/timetable/slbssbdr.do?value(risyunen)=2016&value(semekikn)=1&value(kougicd)=BT608&value(crclumcd)=,2016
4,14,BUS1510,自動またはその他,ＢＬ１,藤田　勝利,2,2,3,5509,1,nil,https://sy.rikkyo.ac.jp/timetable/slbssbdr.do?value(risyunen)=2016&value(semekikn)=1&value(kougicd)=BT609&value(crclumcd)=,2016
4,14,BUS1510,自動またはその他,ＢＬ１,吉成　篤,2,2,3,1204,1,nil,https://sy.rikkyo.ac.jp/timetable/slbssbdr.do?value(risyunen)=2016&value(semekikn)=1&value(kougicd)=BT610&value(crclumcd)=,2016
4,14,BUS1510,自動またはその他,ＢＬ１,岩城　奈津,2,2,3,9B01,1,nil,https://sy.rikkyo.ac.jp/timetable/slbssbdr.do?value(risyunen)=2016&value(semekikn)=1&value(kougicd)=BT611&value(crclumcd)=,2016
4,14,BUS1510,自動またはその他,ＢＬ１,宇田　武文,2,2,3,9B03,1,nil,https://sy.rikkyo.ac.jp/timetable/slbssbdr.do?value(risyunen)=2016&value(semekikn)=1&value(kougicd)=BT612&value(crclumcd)=,2016
4,14,BUS2100,BT023,マーケティング・マネジメント,有馬　賢治,1,2,3,AB01,1,nil,https://sy.rikkyo.ac.jp/timetable/slbssbdr.do?value(risyunen)=2016&value(semekikn)=1&value(kougicd)=BT023&value(crclumcd)=,2016
4,14,BUS1510,自動登録,リーダーシップ入門（ＢＬ０）,山﨑　秀雄,1,2,3,5214,1,nil,https://sy.rikkyo.ac.jp/timetable/slbssbdr.do?value(risyunen)=2016&value(semekikn)=1&value(kougicd)=BT251&value(crclumcd)=,2016
4,14,BUS1510,自動登録,リーダーシップ入門（ＢＬ０）,中原　淳,1,2,3,6206,1,nil,https://sy.rikkyo.ac.jp/timetable/slbssbdr.do?value(risyunen)=2016&value(semekikn)=1&value(kougicd)=BT252&value(crclumcd)=,2016
4,14,BUS1510,自動登録,リーダーシップ入門（ＢＬ０）,シュールズ，Ｄ,1,2,3,6210,1,nil,https://sy.rikkyo.ac.jp/timetable/slbssbdr.do?value(risyunen)=2016&value(semekikn)=1&value(kougicd)=BT253&value(crclumcd)=,2016
4,14,BUS1510,自動登録,リーダーシップ入門（ＢＬ０）,松本　茂,1,2,3,6408,1,nil,https://sy.rikkyo.ac.jp/timetable/slbssbdr.do?value(risyunen)=2016&value(semekikn)=1&value(kougicd)=BT254&value(crclumcd)=,2016
4,14,BUS1510,自動登録,リーダーシップ入門（ＢＬ０）,川崎　善行,1,2,3,6409,1,nil,https://sy.rikkyo.ac.jp/timetable/slbssbdr.do?value(risyunen)=2016&value(semekikn)=1&value(kougicd)=BT255&value(crclumcd)=,2016
4,14,BUS1510,自動登録,リーダーシップ入門（ＢＬ０）,吉成　篤,1,2,3,5201,1,nil,https://sy.rikkyo.ac.jp/timetable/slbssbdr.do?value(risyunen)=2016&value(semekikn)=1&value(kougicd)=BT256&value(crclumcd)=,2016
4,14,BUS1510,自動登録,リーダーシップ入門（ＢＬ０）,辻　洋右,1,2,3,5202,1,nil,https://sy.rikkyo.ac.jp/timetable/slbssbdr.do?value(risyunen)=2016&value(semekikn)=1&value(kougicd)=BT257&value(crclumcd)=,2016
4,14,BUS1510,自動登録,リーダーシップ入門（ＢＬ０）,舘野　泰一,1,2,3,1102,1,nil,https://sy.rikkyo.ac.jp/timetable/slbssbdr.do?value(risyunen)=2016&value(semekikn)=1&value(kougicd)=BT258&value(crclumcd)=,2016
4,14,BUS1510,自動登録,リーダーシップ入門（ＢＬ０）,永禮　弘之,1,2,3,5215,1,nil,https://sy.rikkyo.ac.jp/timetable/slbssbdr.do?value(risyunen)=2016&value(semekikn)=1&value(kougicd)=BT259&value(crclumcd)=,2016
4,14,BUS1510,自動登録,リーダーシップ入門（ＢＬ０）,赤松　重彦,1,2,3,5308,1,nil,https://sy.rikkyo.ac.jp/timetable/slbssbdr.do?value(risyunen)=2016&value(semekikn)=1&value(kougicd)=BT260&value(crclumcd)=,2016
4,14,BUS1510,自動登録,リーダーシップ入門（ＢＬ０）,岩城　奈津,1,2,3,5508,1,nil,https://sy.rikkyo.ac.jp/timetable/slbssbdr.do?value(risyunen)=2016&value(semekikn)=1&value(kougicd)=BT261&value(crclumcd)=,2016
4,14,BUS1510,自動登録,リーダーシップ入門（ＢＬ０）,宮錦　三樹,1,2,3,X209,1,nil,https://sy.rikkyo.ac.jp/timetable/slbssbdr.do?value(risyunen)=2016&value(semekikn)=1&value(kougicd)=BT262&value(crclumcd)=,2016
4,14,BUS1510,自動登録,リーダーシップ入門（ＢＬ０）,村田　信之,1,2,3,6205,1,nil,https://sy.rikkyo.ac.jp/timetable/slbssbdr.do?value(risyunen)=2016&value(semekikn)=1&value(kougicd)=BT263&value(crclumcd)=,2016
4,14,BUS1510,自動登録,リーダーシップ入門（ＢＬ０）,高橋　俊之宇田　武文,1,2,3,1103,1,nil,https://sy.rikkyo.ac.jp/timetable/slbssbdr.do?value(risyunen)=2016&value(semekikn)=1&value(kougicd)=BT264&value(crclumcd)=,2016
4,14,BUS1510,自動登録,リーダーシップ入門（ＢＬ０）,宮下　雄治,1,2,3,6209,1,nil,https://sy.rikkyo.ac.jp/timetable/slbssbdr.do?value(risyunen)=2016&value(semekikn)=1&value(kougicd)=BT265&value(crclumcd)=,2016
4,14,BUS1510,自動登録,リーダーシップ入門（ＢＬ０）,岡本　紀明,1,2,3,X302,1,nil,https://sy.rikkyo.ac.jp/timetable/slbssbdr.do?value(risyunen)=2016&value(semekikn)=1&value(kougicd)=BT266&value(crclumcd)=,2016
4,14,BUS1510,自動登録,リーダーシップ入門（ＢＬ０）,石川　淳,1,2,3,6405,1,nil,https://sy.rikkyo.ac.jp/timetable/slbssbdr.do?value(risyunen)=2016&value(semekikn)=1&value(kougicd)=BT267&value(crclumcd)=,2016
4,14,BUS1510,自動登録,リーダーシップ入門（ＢＬ０）,廣瀬　文乃,1,2,3,6406,1,nil,https://sy.rikkyo.ac.jp/timetable/slbssbdr.do?value(risyunen)=2016&value(semekikn)=1&value(kougicd)=BT268&value(crclumcd)=,2016
4,14,BUS3013,その他,ワークショップ演習Ｇ,フォウラー，Ｒ,2,2,3,6206,1,nil,https://sy.rikkyo.ac.jp/timetable/slbssbdr.do?value(risyunen)=2016&value(semekikn)=1&value(kougicd)=BT287&value(crclumcd)=,2016
4,14,GBU3201,BT239,Topics in Business 4,ロイ，ジャン．,1,2,3,X208,1,nil,https://sy.rikkyo.ac.jp/timetable/slbssbdr.do?value(risyunen)=2016&value(semekikn)=1&value(kougicd)=BT239&value(crclumcd)=,2016
4,14,GBU3201,BT239,Topics in Business 4,ロイ，ジャン．,1,2,4,X208,1,nil,https://sy.rikkyo.ac.jp/timetable/slbssbdr.do?value(risyunen)=2016&value(semekikn)=1&value(kougicd)=BT239&value(crclumcd)=,2016
4,14,GBU2401,BT112,Argumentation and Debate,シュールズ，Ｄ,1,2,4,M301,1,nil,https://sy.rikkyo.ac.jp/timetable/slbssbdr.do?value(risyunen)=2016&value(semekikn)=1&value(kougicd)=BT112&value(crclumcd)=,2016
4,14,GBU2001,自動またはその他,International Business-A,尾﨑　俊哉フォウラー，Ｒ廣瀬　文乃,2,2,4,5222,1,nil,https://sy.rikkyo.ac.jp/timetable/slbssbdr.do?value(risyunen)=2016&value(semekikn)=1&value(kougicd)=BT163&value(crclumcd)=,2016
4,14,GBU3010,その他,3年次演習1,白石　典義,1,2,4,6406,1,nil,https://sy.rikkyo.ac.jp/timetable/slbssbdr.do?value(risyunen)=2016&value(semekikn)=1&value(kougicd)=BT408&value(crclumcd)=,2016
4,14,BUS3010,その他,3年次演習1,鈴木　秀一,1,2,4,6204,1,nil,https://sy.rikkyo.ac.jp/timetable/slbssbdr.do?value(risyunen)=2016&value(semekikn)=1&value(kougicd)=BT409&value(crclumcd)=,2016
4,14,GBU3010,その他,3年次演習1,デイヴィス，Ｓ,1,2,4,1104,1,nil,https://sy.rikkyo.ac.jp/timetable/slbssbdr.do?value(risyunen)=2016&value(semekikn)=1&value(kougicd)=BT411&value(crclumcd)=,2016
4,14,GBU3010,その他,3年次演習2,白石　典義,2,2,4,6406,1,nil,https://sy.rikkyo.ac.jp/timetable/slbssbdr.do?value(risyunen)=2016&value(semekikn)=1&value(kougicd)=BT458&value(crclumcd)=,2016
4,14,BUS3010,その他,3年次演習2,鈴木　秀一,2,2,4,6204,1,nil,https://sy.rikkyo.ac.jp/timetable/slbssbdr.do?value(risyunen)=2016&value(semekikn)=1&value(kougicd)=BT459&value(crclumcd)=,2016
4,14,GBU3010,その他,3年次演習2,デイヴィス，Ｓ,2,2,4,1104,1,nil,https://sy.rikkyo.ac.jp/timetable/slbssbdr.do?value(risyunen)=2016&value(semekikn)=1&value(kougicd)=BT461&value(crclumcd)=,2016
4,14,BUS3200,BT106,生産管理論,2野　晶二,1,2,4,4406,1,nil,https://sy.rikkyo.ac.jp/timetable/slbssbdr.do?value(risyunen)=2016&value(semekikn)=1&value(kougicd)=BT106&value(crclumcd)=,2016
4,14,BUS2200,BT067,ビジネスリテラシー２,山口　和範丹野　清美,2,2,4,7101,nil,https://sy.rikkyo.ac.jp/timetable/slbssbdr.do?value(risyunen)=2016&value(semekikn)=1&value(kougicd)=BT067&value(crclumcd)=,2016
4,14,BUS2200,BT067,ビジネスリテラシー２,山口　和範丹野　清美,2,5,1,7101,1,nil,https://sy.rikkyo.ac.jp/timetable/slbssbdr.do?value(risyunen)=2016&value(semekikn)=1&value(kougicd)=BT067&value(crclumcd)=,2016
4,14,BUS1200,BT065,ビジネスリテラシー１,山口　和範丹野　清美,2,2,4,7101,1,nil,https://sy.rikkyo.ac.jp/timetable/slbssbdr.do?value(risyunen)=2016&value(semekikn)=1&value(kougicd)=BT065&value(crclumcd)=,2016
4,14,BUS1200,BT065,ビジネスリテラシー１,山口　和範丹野　清美,2,5,1,7101,1,nil,https://sy.rikkyo.ac.jp/timetable/slbssbdr.do?value(risyunen)=2016&value(semekikn)=1&value(kougicd)=BT065&value(crclumcd)=,2016
4,14,BUS4100,BT121,マーケティング・セオリー,有馬　賢治,1,2,4,M302,1,nil,https://sy.rikkyo.ac.jp/timetable/slbssbdr.do?value(risyunen)=2016&value(semekikn)=1&value(kougicd)=BT121&value(crclumcd)=,2016
4,14,BUS3013,その他,ワークショップ演習Ｄ,フォウラー，Ｒ,1,2,4,D602,1,nil,https://sy.rikkyo.ac.jp/timetable/slbssbdr.do?value(risyunen)=2016&value(semekikn)=1&value(kougicd)=BT284&value(crclumcd)=,2016
4,14,BUS3800,BT221,企業人セミナー１,尾﨑　俊哉塚本　恵,2,2,5,5302,1,nil,https://sy.rikkyo.ac.jp/timetable/slbssbdr.do?value(risyunen)=2016&value(semekikn)=1&value(kougicd)=BT221&value(crclumcd)=,2016
4,14,BUS4810,その他,卒論演習1,2野　晶二,1,2,5,6405,1,nil,https://sy.rikkyo.ac.jp/timetable/slbssbdr.do?value(risyunen)=2016&value(semekikn)=1&value(kougicd)=BT501&value(crclumcd)=,2016
4,14,GBU4810,その他,卒論演習1,白石　典義,1,2,5,6406,1,nil,https://sy.rikkyo.ac.jp/timetable/slbssbdr.do?value(risyunen)=2016&value(semekikn)=1&value(kougicd)=BT508&value(crclumcd)=,2016
4,14,BUS4810,その他,卒論演習2,2野　晶二,2,2,5,6405,1,nil,https://sy.rikkyo.ac.jp/timetable/slbssbdr.do?value(risyunen)=2016&value(semekikn)=1&value(kougicd)=BT551&value(crclumcd)=,2016
4,14,GBU4810,その他,卒論演習2,白石　典義,2,2,5,6406,1,nil,https://sy.rikkyo.ac.jp/timetable/slbssbdr.do?value(risyunen)=2016&value(semekikn)=1&value(kougicd)=BT558&value(crclumcd)=,2016
4,14,BUS2010,その他,2年次演習1,鈴木　秀一,1,2,5,1201,1,nil,https://sy.rikkyo.ac.jp/timetable/slbssbdr.do?value(risyunen)=2016&value(semekikn)=1&value(kougicd)=BT309&value(crclumcd)=,2016
4,14,GBU2010,その他,2年次演習1,デイヴィス，Ｓ,1,2,5,1104,1,nil,https://sy.rikkyo.ac.jp/timetable/slbssbdr.do?value(risyunen)=2016&value(semekikn)=1&value(kougicd)=BT311&value(crclumcd)=,2016
4,14,BUS2010,その他,2年次演習2,鈴木　秀一,2,2,5,1201,1,nil,https://sy.rikkyo.ac.jp/timetable/slbssbdr.do?value(risyunen)=2016&value(semekikn)=1&value(kougicd)=BT359&value(crclumcd)=,2016
4,14,GBU2010,その他,2年次演習2,デイヴィス，Ｓ,2,2,5,1104,1,nil,https://sy.rikkyo.ac.jp/timetable/slbssbdr.do?value(risyunen)=2016&value(semekikn)=1&value(kougicd)=BT361&value(crclumcd)=,2016
4,14,BUS2510,その他,ＢＬ３―Ｂ,舘野　泰一折口　みゆき,2,2,5,5210,1,nil,https://sy.rikkyo.ac.jp/timetable/slbssbdr.do?value(risyunen)=2016&value(semekikn)=1&value(kougicd)=BT626&value(crclumcd)=,2016
4,14,GBU3101,BT170,Modern Consumer Culture and Society,フランク，Ｂ．,2,2,5,8304,1,nil,https://sy.rikkyo.ac.jp/timetable/slbssbdr.do?value(risyunen)=2016&value(semekikn)=1&value(kougicd)=BT170&value(crclumcd)=,2016
4,14,BUS2510,その他,ＢＬ３―Ｂ,舘野　泰一　折口　みゆき,2,2,6,5210,1,nil,https://sy.rikkyo.ac.jp/timetable/slbssbdr.do?value(risyunen)=2016&value(semekikn)=1&value(kougicd)=BT627&value(crclumcd)=,2016
4,14,GBU2611,自動またはその他,ＥＡＰ２,ドノヴァン，Ｈ,1,3,1,6205,1,nil,https://sy.rikkyo.ac.jp/timetable/slbssbdr.do?value(risyunen)=2016&value(semekikn)=1&value(kougicd)=BT661&value(crclumcd)=,2016
4,14,GBU2611,自動またはその他,ＥＡＰ２,ドノヴァン，Ｈ,1,4,2,6205,1,nil,https://sy.rikkyo.ac.jp/timetable/slbssbdr.do?value(risyunen)=2016&value(semekikn)=1&value(kougicd)=BT661&value(crclumcd)=,2016
4,14,GBU2611,自動またはその他,ＥＡＰ２,ドノヴァン，Ｈ,1,5,2,6205,1,nil,https://sy.rikkyo.ac.jp/timetable/slbssbdr.do?value(risyunen)=2016&value(semekikn)=1&value(kougicd)=BT661&value(crclumcd)=,2016
4,14,GBU2611,自動またはその他,ＥＡＰ２,ガスリー，Ｂ．,1,3,1,6206,1,nil,https://sy.rikkyo.ac.jp/timetable/slbssbdr.do?value(risyunen)=2016&value(semekikn)=1&value(kougicd)=BT662&value(crclumcd)=,2016
4,14,GBU2611,自動またはその他,ＥＡＰ２,ガスリー，Ｂ．,1,4,2,6206,1,nil,https://sy.rikkyo.ac.jp/timetable/slbssbdr.do?value(risyunen)=2016&value(semekikn)=1&value(kougicd)=BT662&value(crclumcd)=,2016
4,14,GBU2611,自動またはその他,ＥＡＰ２,ガスリー，Ｂ．,1,5,2,6206,1,nil,https://sy.rikkyo.ac.jp/timetable/slbssbdr.do?value(risyunen)=2016&value(semekikn)=1&value(kougicd)=BT662&value(crclumcd)=,2016
4,14,GBU2611,自動またはその他,ＥＡＰ２,トンプソン，Ｇ,1,3,1,6209,1,nil,https://sy.rikkyo.ac.jp/timetable/slbssbdr.do?value(risyunen)=2016&value(semekikn)=1&value(kougicd)=BT663&value(crclumcd)=,2016
4,14,GBU2611,自動またはその他,ＥＡＰ２,トンプソン，Ｇ,1,4,2,6209,1,nil,https://sy.rikkyo.ac.jp/timetable/slbssbdr.do?value(risyunen)=2016&value(semekikn)=1&value(kougicd)=BT663&value(crclumcd)=,2016
4,14,GBU2611,自動またはその他,ＥＡＰ２,トンプソン，Ｇ,1,5,2,6209,1,nil,https://sy.rikkyo.ac.jp/timetable/slbssbdr.do?value(risyunen)=2016&value(semekikn)=1&value(kougicd)=BT663&value(crclumcd)=,2016
4,14,GBU2611,自動またはその他,ＥＡＰ２,リース，ネリス,1,3,1,6405,1,nil,https://sy.rikkyo.ac.jp/timetable/slbssbdr.do?value(risyunen)=2016&value(semekikn)=1&value(kougicd)=BT665&value(crclumcd)=,2016
4,14,GBU2611,自動またはその他,ＥＡＰ２,リース，ネリス,1,4,2,6405,1,nil,https://sy.rikkyo.ac.jp/timetable/slbssbdr.do?value(risyunen)=2016&value(semekikn)=1&value(kougicd)=BT665&value(crclumcd)=,2016
4,14,GBU2611,自動またはその他,ＥＡＰ２,リース，ネリス,1,5,2,6405,1,nil,https://sy.rikkyo.ac.jp/timetable/slbssbdr.do?value(risyunen)=2016&value(semekikn)=1&value(kougicd)=BT665&value(crclumcd)=,2016
4,14,BUS1700,自動登録,グッド・ビジネス,デイヴィス，Ｓ,1,3,1,5121,1,nil,https://sy.rikkyo.ac.jp/timetable/slbssbdr.do?value(risyunen)=2016&value(semekikn)=1&value(kougicd)=BT019&value(crclumcd)=,2016
4,14,BUS1700,抽選登録,経営史,坂本　義和,2,3,1,AB01,1,nil,https://sy.rikkyo.ac.jp/timetable/slbssbdr.do?value(risyunen)=2016&value(semekikn)=1&value(kougicd)=BT030&value(crclumcd)=,2016
4,14,BUS2200,抽選登録,マネジメントの理論,坂本　義和,1,3,1,4402,1,nil,https://sy.rikkyo.ac.jp/timetable/slbssbdr.do?value(risyunen)=2016&value(semekikn)=1&value(kougicd)=BT103&value(crclumcd)=,2016
4,14,BUS3710,抽選登録,グッド・ビジネス・ワークショップ,デイヴィス，Ｓ,2,3,2,6209,1,nil,https://sy.rikkyo.ac.jp/timetable/slbssbdr.do?value(risyunen)=2016&value(semekikn)=1&value(kougicd)=BT092&value(crclumcd)=,2016
4,14,GBU2201,BT162,Global Innovation Management,フォウラー，Ｒ,1,3,2,M202,1,nil,https://sy.rikkyo.ac.jp/timetable/slbssbdr.do?value(risyunen)=2016&value(semekikn)=1&value(kougicd)=BT162&value(crclumcd)=,2016
4,14,BUS2700,BT083,コーポレートガバナンス,亀川　雅人,1,3,2, ﾀｯｶｰ,1,nil,https://sy.rikkyo.ac.jp/timetable/slbssbdr.do?value(risyunen)=2016&value(semekikn)=1&value(kougicd)=BT083&value(crclumcd)=,2016
4,14,BUS2300,BT021,コーポレート・ファイナンス,亀川　雅人,2,3,2,D201,1,nil,https://sy.rikkyo.ac.jp/timetable/slbssbdr.do?value(risyunen)=2016&value(semekikn)=1&value(kougicd)=BT021&value(crclumcd)=,2016
4,14,BUS1700,BT082,ＣＳＲ,水村　典弘,2,3,2,4402,1,nil,https://sy.rikkyo.ac.jp/timetable/slbssbdr.do?value(risyunen)=2016&value(semekikn)=1&value(kougicd)=BT082&value(crclumcd)=,2016
4,14,BUS2510,その他,ＢＬ３―Ａ,稲垣　憲治　舘野　泰一,2,3,2,6305,1,nil,https://sy.rikkyo.ac.jp/timetable/slbssbdr.do?value(risyunen)=2016&value(semekikn)=1&value(kougicd)=BT625&value(crclumcd)=,2016
4,14,GBU2611,自動またはその他,ＥＡＰ２,ドノヴァン，Ｈ,1,3,3,6205,1,nil,https://sy.rikkyo.ac.jp/timetable/slbssbdr.do?value(risyunen)=2016&value(semekikn)=1&value(kougicd)=BT666&value(crclumcd)=,2016
4,14,GBU2611,自動またはその他,ＥＡＰ２,ドノヴァン，Ｈ,1,4,1,6205,1,nil,https://sy.rikkyo.ac.jp/timetable/slbssbdr.do?value(risyunen)=2016&value(semekikn)=1&value(kougicd)=BT666&value(crclumcd)=,2016
4,14,GBU2611,自動またはその他,ＥＡＰ２,ドノヴァン，Ｈ,1,5,1,6205,1,nil,https://sy.rikkyo.ac.jp/timetable/slbssbdr.do?value(risyunen)=2016&value(semekikn)=1&value(kougicd)=BT666&value(crclumcd)=,2016
4,14,GBU2611,自動またはその他,ＥＡＰ２,ガスリー，Ｂ．,1,3,3,6206,1,nil,https://sy.rikkyo.ac.jp/timetable/slbssbdr.do?value(risyunen)=2016&value(semekikn)=1&value(kougicd)=BT667&value(crclumcd)=,2016
4,14,GBU2611,自動またはその他,ＥＡＰ２,ガスリー，Ｂ．,1,4,1,6206,1,nil,https://sy.rikkyo.ac.jp/timetable/slbssbdr.do?value(risyunen)=2016&value(semekikn)=1&value(kougicd)=BT667&value(crclumcd)=,2016
4,14,GBU2611,自動またはその他,ＥＡＰ２,ガスリー，Ｂ．,1,5,1,6206,1,nil,https://sy.rikkyo.ac.jp/timetable/slbssbdr.do?value(risyunen)=2016&value(semekikn)=1&value(kougicd)=BT667&value(crclumcd)=,2016
4,14,GBU2611,自動またはその他,ＥＡＰ２,トンプソン，Ｇ,1,3,3,6209,1,nil,https://sy.rikkyo.ac.jp/timetable/slbssbdr.do?value(risyunen)=2016&value(semekikn)=1&value(kougicd)=BT668&value(crclumcd)=,2016
4,14,GBU2611,自動またはその他,ＥＡＰ２,トンプソン，Ｇ,1,4,1,6209,1,nil,https://sy.rikkyo.ac.jp/timetable/slbssbdr.do?value(risyunen)=2016&value(semekikn)=1&value(kougicd)=BT668&value(crclumcd)=,2016
4,14,GBU2611,自動またはその他,ＥＡＰ２,トンプソン，Ｇ,1,5,1,6209,1,nil,https://sy.rikkyo.ac.jp/timetable/slbssbdr.do?value(risyunen)=2016&value(semekikn)=1&value(kougicd)=BT668&value(crclumcd)=,2016
4,14,GBU2611,自動またはその他,ＥＡＰ２,リース，ネリス,1,3,3,6405,1,nil,https://sy.rikkyo.ac.jp/timetable/slbssbdr.do?value(risyunen)=2016&value(semekikn)=1&value(kougicd)=BT670&value(crclumcd)=,2016
4,14,GBU2611,自動またはその他,ＥＡＰ２,リース，ネリス,1,4,1,6405,1,nil,https://sy.rikkyo.ac.jp/timetable/slbssbdr.do?value(risyunen)=2016&value(semekikn)=1&value(kougicd)=BT670&value(crclumcd)=,2016
4,14,GBU2611,自動またはその他,ＥＡＰ２,リース，ネリス,1,5,1,6405,1,nil,https://sy.rikkyo.ac.jp/timetable/slbssbdr.do?value(risyunen)=2016&value(semekikn)=1&value(kougicd)=BT670&value(crclumcd)=,2016
4,14,GBU2611,自動またはその他,ＥＳＰ－Ａ,シュールズ，Ｄ,2,3,3,6210,1,nil,https://sy.rikkyo.ac.jp/timetable/slbssbdr.do?value(risyunen)=2016&value(semekikn)=1&value(kougicd)=BT671&value(crclumcd)=,2016
4,14,GBU2611,自動またはその他,ＥＳＰ－Ａ,トンプソン，Ｇ,2,3,3,6408,1,nil,https://sy.rikkyo.ac.jp/timetable/slbssbdr.do?value(risyunen)=2016&value(semekikn)=1&value(kougicd)=BT672&value(crclumcd)=,2016
4,14,GBU2611,自動またはその他,ＥＳＰ－Ａ,ガスリー，Ｂ．,2,3,3,6206,1,nil,https://sy.rikkyo.ac.jp/timetable/slbssbdr.do?value(risyunen)=2016&value(semekikn)=1&value(kougicd)=BT673&value(crclumcd)=,2016
4,14,GBU2611,自動またはその他,ＥＳＰ－Ａ,ラッセル，Ｍ．,2,3,3,6209,1,nil,https://sy.rikkyo.ac.jp/timetable/slbssbdr.do?value(risyunen)=2016&value(semekikn)=1&value(kougicd)=BT674&value(crclumcd)=,2016
4,14,BUS1700,自動登録,グッド・ビジネス,デイヴィス，Ｓ,1,3,3,D201,1,nil,https://sy.rikkyo.ac.jp/timetable/slbssbdr.do?value(risyunen)=2016&value(semekikn)=1&value(kougicd)=BT020&value(crclumcd)=,2016
4,14,BUS3710,BT095,グッド・ビジネス・セミナー,デイヴィス，Ｓ,2,3,3,8101,1,nil,https://sy.rikkyo.ac.jp/timetable/slbssbdr.do?value(risyunen)=2016&value(semekikn)=1&value(kougicd)=BT095&value(crclumcd)=,2016
4,14,BUS2200,BT024,経営戦略論,廣瀬　文乃,1,3,3,AB01,1,nil,https://sy.rikkyo.ac.jp/timetable/slbssbdr.do?value(risyunen)=2016&value(semekikn)=1&value(kougicd)=BT024&value(crclumcd)=,2016
4,14,BUS2200,BT102,組織と戦略,鈴木　秀一,2,3,3,5123,1,nil,https://sy.rikkyo.ac.jp/timetable/slbssbdr.do?value(risyunen)=2016&value(semekikn)=1&value(kougicd)=BT102&value(crclumcd)=,2016
4,14,GBU2701,BT203,Business and Society,廣瀬　文乃,2,3,3,5224,1,nil,https://sy.rikkyo.ac.jp/timetable/slbssbdr.do?value(risyunen)=2016&value(semekikn)=1&value(kougicd)=BT203&value(crclumcd)=,2016
4,14,GBU3401,抽選登録,Business Communication,シュールズ，Ｄ,1,3,3,6305,1,nil,https://sy.rikkyo.ac.jp/timetable/slbssbdr.do?value(risyunen)=2016&value(semekikn)=1&value(kougicd)=BT208&value(crclumcd)=,2016
4,14,GBU2301,BT183,Finance,竹澤　伸哉,1,3,3,M201,1,nil,https://sy.rikkyo.ac.jp/timetable/slbssbdr.do?value(risyunen)=2016&value(semekikn)=1&value(kougicd)=BT183&value(crclumcd)=,2016
4,14,GBU3101,BT169,Modern Consumer Culture and Society,ザン，Ｃ．,2,3,3,M302,1,nil,https://sy.rikkyo.ac.jp/timetable/slbssbdr.do?value(risyunen)=2016&value(semekikn)=1&value(kougicd)=BT169&value(crclumcd)=,2016
4,14,BUS2400,抽選登録,異文化コミュニケーション論,クラウセン,2,3,3,D501,1,nil,https://sy.rikkyo.ac.jp/timetable/slbssbdr.do?value(risyunen)=2016&value(semekikn)=1&value(kougicd)=BT202&value(crclumcd)=,2016
4,14,BUS2400,抽選登録,異文化コミュニケーション論,クラウセン,2,3,4,D501,1,nil,https://sy.rikkyo.ac.jp/timetable/slbssbdr.do?value(risyunen)=2016&value(semekikn)=1&value(kougicd)=BT202&value(crclumcd)=,2016
4,14,GBU3201,BT237,Topics in Business 2,マーシャル,1,3,3,9B01,1,nil,https://sy.rikkyo.ac.jp/timetable/slbssbdr.do?value(risyunen)=2016&value(semekikn)=1&value(kougicd)=BT237&value(crclumcd)=,2016
4,14,GBU3201,BT237,Topics in Business 2,マーシャル,1,3,4,9B01,1,nil,https://sy.rikkyo.ac.jp/timetable/slbssbdr.do?value(risyunen)=2016&value(semekikn)=1&value(kougicd)=BT237&value(crclumcd)=,2016
4,14,GBU2401,その他,Advanced Small Group Communication,シュールズ，Ｄ,1,3,4,9204,1,nil,https://sy.rikkyo.ac.jp/timetable/slbssbdr.do?value(risyunen)=2016&value(semekikn)=1&value(kougicd)=BT216&value(crclumcd)=,2016
4,14,GBU2611,自動またはその他,ＥＳＰ－Ａ,トンプソン，Ｇ,2,3,4,6408,1,nil,https://sy.rikkyo.ac.jp/timetable/slbssbdr.do?value(risyunen)=2016&value(semekikn)=1&value(kougicd)=BT676&value(crclumcd)=,2016
4,14,GBU2611,自動またはその他,ＥＳＰ－Ａ,ガスリー，Ｂ．,2,3,4,6206,1,nil,https://sy.rikkyo.ac.jp/timetable/slbssbdr.do?value(risyunen)=2016&value(semekikn)=1&value(kougicd)=BT677&value(crclumcd)=,2016
4,14,GBU2611,自動またはその他,ＥＳＰ－Ａ,ラッセル，Ｍ．,2,3,4,6209,1,nil,https://sy.rikkyo.ac.jp/timetable/slbssbdr.do?value(risyunen)=2016&value(semekikn)=1&value(kougicd)=BT678&value(crclumcd)=,2016
4,14,GBU4301,抽選登録,International Financial Management,竹澤　伸哉,2,3,4,1202,1,nil,https://sy.rikkyo.ac.jp/timetable/slbssbdr.do?value(risyunen)=2016&value(semekikn)=1&value(kougicd)=BT185&value(crclumcd)=,2016
4,14,GBU3201,抽選登録,Global Strategic Management,廣瀬　文乃,1,3,4,X306,1,nil,https://sy.rikkyo.ac.jp/timetable/slbssbdr.do?value(risyunen)=2016&value(semekikn)=1&value(kougicd)=BT168&value(crclumcd)=,2016
4,14,BUS3200,BT022,組織マネジメント,鈴木　秀一,1,3,4,5122,1,nil,https://sy.rikkyo.ac.jp/timetable/slbssbdr.do?value(risyunen)=2016&value(semekikn)=1&value(kougicd)=BT022&value(crclumcd)=,2016
4,14,BUS2700,BT071,ビジネスロー,堀内　真澄,1,3,4,９大,1,nil,https://sy.rikkyo.ac.jp/timetable/slbssbdr.do?value(risyunen)=2016&value(semekikn)=1&value(kougicd)=BT071&value(crclumcd)=,2016
4,14,BUS2510,その他,ＢＬ３―Ｃ,舘野　泰一　高橋　俊之,2,3,4,4152,1,nil,https://sy.rikkyo.ac.jp/timetable/slbssbdr.do?value(risyunen)=2016&value(semekikn)=1&value(kougicd)=BT630&value(crclumcd)=,2016
4,14,BUS3400,BT127,マーケティング・コミュニケーション,井上　一郎,2,3,4,5123,1,nil,https://sy.rikkyo.ac.jp/timetable/slbssbdr.do?value(risyunen)=2016&value(semekikn)=1&value(kougicd)=BT127&value(crclumcd)=,2016
4,14,GBU4401,抽選登録,Leadership in Global Organization,フォウラー，Ｒ,1,3,4,1103,1,nil,https://sy.rikkyo.ac.jp/timetable/slbssbdr.do?value(risyunen)=2016&value(semekikn)=1&value(kougicd)=BT166&value(crclumcd)=,2016
4,14,BUS3013,その他,ワークショップ演習Ｃ,岡本　紀明,1,3,4,X108,1,nil,https://sy.rikkyo.ac.jp/timetable/slbssbdr.do?value(risyunen)=2016&value(semekikn)=1&value(kougicd)=BT283&value(crclumcd)=,2016
4,14,BUS2100,抽選登録,サービス・マーケティング,鶴見　裕之,2,3,5,8101,1,nil,https://sy.rikkyo.ac.jp/timetable/slbssbdr.do?value(risyunen)=2016&value(semekikn)=1&value(kougicd)=BT125&value(crclumcd)=,2016
4,14,GBU3101,BT113,Marketing Communications and Penetrating the Japanese Market,辻　洋右,1,3,5,M302,1,nil,https://sy.rikkyo.ac.jp/timetable/slbssbdr.do?value(risyunen)=2016&value(semekikn)=1&value(kougicd)=BT113&value(crclumcd)=,2016
4,14,GBU1811,自動登録,Ｏｖｅｒｓｅａｓ　ＥＡＰ（海外ＥＡＰ）,ドノヴァン，Ｈ　松本　茂　トンプソン，Ｇ　シュールズ，Ｄ　リース，ネリス　ガスリー，Ｂ．,1,3,5,X201,1,4月期登録 ＊国際経営学科1年次自動登録。派遣先は4月上旬に経営学部掲示板にて告知する。 ＊1学期水曜5時限に事前研修あり ＊夏季プログラム,https://sy.rikkyo.ac.jp/timetable/slbssbdr.do?value(risyunen)=2016&value(semekikn)=1&value(kougicd)=BT709&value(crclumcd)=,2016
4,14,GBU1811,自動登録,Ｏｖｅｒｓｅａｓ　ＥＡＰ（海外ＥＡＰ）,ドノヴァン，Ｈ　松本　茂　トンプソン，Ｇ　シュールズ，Ｄ　リース，ネリス　ガスリー，Ｂ．,1,3,5,X202,1,4月期登録 ＊国際経営学科1年次自動登録。派遣先は4月上旬に経営学部掲示板にて告知する。 ＊1学期水曜5時限に事前研修あり ＊夏季プログラム,https://sy.rikkyo.ac.jp/timetable/slbssbdr.do?value(risyunen)=2016&value(semekikn)=1&value(kougicd)=BT709&value(crclumcd)=,2016
4,14,GBU1811,自動登録,Ｏｖｅｒｓｅａｓ　ＥＡＰ（海外ＥＡＰ）,ドノヴァン，Ｈ　松本　茂　トンプソン，Ｇ　シュールズ，Ｄ　リース，ネリス　ガスリー，Ｂ．,1,3,5,X207,1,4月期登録 ＊国際経営学科1年次自動登録。派遣先は4月上旬に経営学部掲示板にて告知する。 ＊1学期水曜5時限に事前研修あり ＊夏季プログラム,https://sy.rikkyo.ac.jp/timetable/slbssbdr.do?value(risyunen)=2016&value(semekikn)=1&value(kougicd)=BT709&value(crclumcd)=,2016
4,14,GBU1811,自動登録,Ｏｖｅｒｓｅａｓ　ＥＡＰ（海外ＥＡＰ）,ドノヴァン，Ｈ　松本　茂　トンプソン，Ｇ　シュールズ，Ｄ　リース，ネリス　ガスリー，Ｂ．,1,3,5,X208,1,4月期登録 ＊国際経営学科1年次自動登録。派遣先は4月上旬に経営学部掲示板にて告知する。 ＊1学期水曜5時限に事前研修あり ＊夏季プログラム,https://sy.rikkyo.ac.jp/timetable/slbssbdr.do?value(risyunen)=2016&value(semekikn)=1&value(kougicd)=BT709&value(crclumcd)=,2016
4,14,GBU1811,自動登録,Ｏｖｅｒｓｅａｓ　ＥＡＰ（海外ＥＡＰ）,ドノヴァン，Ｈ　松本　茂　トンプソン，Ｇ　シュールズ，Ｄ　リース，ネリス　ガスリー，Ｂ．,1,3,5,X209,1,4月期登録 ＊国際経営学科1年次自動登録。派遣先は4月上旬に経営学部掲示板にて告知する。 ＊1学期水曜5時限に事前研修あり ＊夏季プログラム,https://sy.rikkyo.ac.jp/timetable/slbssbdr.do?value(risyunen)=2016&value(semekikn)=1&value(kougicd)=BT709&value(crclumcd)=,2016
4,14,GBU1811,その他,Ｏｖｅｒｓｅａｓ　ＥＡＰ（海外ＥＡＰ）,ドノヴァン，Ｈ　松本　茂　シュールズ，Ｄ,2,3,5,X207,1,9月期登録 ＊5/17（火）5時限（D301教室）のオリエンテーションに出席すること。 ＊2学期水曜5時限に事前研修あり ＊冬季プログラム,https://sy.rikkyo.ac.jp/timetable/slbssbdr.do?value(risyunen)=2016&value(semekikn)=1&value(kougicd)=BT710&value(crclumcd)=,2016
4,14,GBU1811,その他,Ｏｖｅｒｓｅａｓ　ＥＡＰ（海外ＥＡＰ）,ドノヴァン，Ｈ　松本　茂　シュールズ，Ｄ,2,3,5,X208,1,9月期登録 ＊5/17（火）5時限（D301教室）のオリエンテーションに出席すること。 ＊2学期水曜5時限に事前研修あり ＊冬季プログラム,https://sy.rikkyo.ac.jp/timetable/slbssbdr.do?value(risyunen)=2016&value(semekikn)=1&value(kougicd)=BT710&value(crclumcd)=,2016
4,14,GBU1811,その他,Ｏｖｅｒｓｅａｓ　ＥＡＰ（海外ＥＡＰ）,ドノヴァン，Ｈ　松本　茂　シュールズ，Ｄ,2,3,5,X209,1,9月期登録 ＊5/17（火）5時限（D301教室）のオリエンテーションに出席すること。 ＊2学期水曜5時限に事前研修あり ＊冬季プログラム,https://sy.rikkyo.ac.jp/timetable/slbssbdr.do?value(risyunen)=2016&value(semekikn)=1&value(kougicd)=BT710&value(crclumcd)=,2016
4,14,BUS1300,自動登録,会計学入門,松井　泰則,1,4,1,M202,1,nil,https://sy.rikkyo.ac.jp/timetable/slbssbdr.do?value(risyunen)=2016&value(semekikn)=1&value(kougicd)=BT014&value(crclumcd)=,2016
4,14,BUS1300,自動登録,会計学入門,保科　悦久,1,4,1,M302,1,nil,https://sy.rikkyo.ac.jp/timetable/slbssbdr.do?value(risyunen)=2016&value(semekikn)=1&value(kougicd)=BT016&value(crclumcd)=,2016
4,14,BUS1000,自動登録,経済学入門,宮錦　三樹,1,4,1,7102,1,nil,https://sy.rikkyo.ac.jp/timetable/slbssbdr.do?value(risyunen)=2016&value(semekikn)=1&value(kougicd)=BT005&value(crclumcd)=,2016
4,14,BUS1000,自動登録,ビジネス概論Ｂ,宮錦　三樹,2,4,1,5121,1,nil,https://sy.rikkyo.ac.jp/timetable/slbssbdr.do?value(risyunen)=2016&value(semekikn)=1&value(kougicd)=BT007&value(crclumcd)=,2016
4,14,BUS1000,自動登録,ビジネス概論Ｂ,保科　悦久,2,4,1,7101,1,nil,https://sy.rikkyo.ac.jp/timetable/slbssbdr.do?value(risyunen)=2016&value(semekikn)=1&value(kougicd)=BT008&value(crclumcd)=,2016
4,14,nil,自動登録,マクロ経済学,宮錦　三樹,2,4,1,5121,1,nil,https://sy.rikkyo.ac.jp/timetable/slbssbdr.do?value(risyunen)=2016&value(semekikn)=1&value(kougicd)=BT037&value(crclumcd)=,2016
4,14,nil,自動登録,マクロ経済学,保科　悦久,2,4,1,7101,1,nil,https://sy.rikkyo.ac.jp/timetable/slbssbdr.do?value(risyunen)=2016&value(semekikn)=1&value(kougicd)=BT038&value(crclumcd)=,2016
4,14,GBU2611,自動またはその他,ＥＳＰ－Ｂ,シュールズ，Ｄ,2,4,2,6205,1,nil,https://sy.rikkyo.ac.jp/timetable/slbssbdr.do?value(risyunen)=2016&value(semekikn)=1&value(kougicd)=BT681&value(crclumcd)=,2016
4,14,GBU2611,自動またはその他,ＥＳＰ－Ｂ,トンプソン，Ｇ,2,4,2,6206,1,nil,https://sy.rikkyo.ac.jp/timetable/slbssbdr.do?value(risyunen)=2016&value(semekikn)=1&value(kougicd)=BT682&value(crclumcd)=,2016
4,14,GBU2611,自動またはその他,ＥＳＰ－Ｂ,ガスリー，Ｂ．,2,4,2,6209,1,nil,https://sy.rikkyo.ac.jp/timetable/slbssbdr.do?value(risyunen)=2016&value(semekikn)=1&value(kougicd)=BT683&value(crclumcd)=,2016
4,14,GBU2611,自動またはその他,ＥＳＰ－Ｂ,ラッセル，Ｍ．,2,4,2,6305,1,nil,https://sy.rikkyo.ac.jp/timetable/slbssbdr.do?value(risyunen)=2016&value(semekikn)=1&value(kougicd)=BT684&value(crclumcd)=,2016
4,14,BUS1300,自動登録,会計学入門,松井　泰則,1,4,2,M202,1,nil,https://sy.rikkyo.ac.jp/timetable/slbssbdr.do?value(risyunen)=2016&value(semekikn)=1&value(kougicd)=BT015&value(crclumcd)=,2016
4,14,BUS1300,自動登録,会計学入門,保科　悦久,1,4,2,M302,1,nil,https://sy.rikkyo.ac.jp/timetable/slbssbdr.do?value(risyunen)=2016&value(semekikn)=1&value(kougicd)=BT017&value(crclumcd)=,2016
4,14,BUS2300,BT151,管理会計,保科　悦久,2,4,2,4402,1,nil,https://sy.rikkyo.ac.jp/timetable/slbssbdr.do?value(risyunen)=2016&value(semekikn)=1&value(kougicd)=BT151&value(crclumcd)=,2016
4,14,BUS1000,自動登録,経済学入門,宮錦　三樹,1,4,2,7102,1,nil,https://sy.rikkyo.ac.jp/timetable/slbssbdr.do?value(risyunen)=2016&value(semekikn)=1&value(kougicd)=BT006&value(crclumcd)=,2016
4,14,BUS4810,その他,卒論演習1,有馬　賢治,1,4,2,研究室,1,nil,https://sy.rikkyo.ac.jp/timetable/slbssbdr.do?value(risyunen)=2016&value(semekikn)=1&value(kougicd)=BT502&value(crclumcd)=,2016
4,14,BUS4810,その他,卒論演習1,亀川　雅人,1,4,2,5405,1,nil,https://sy.rikkyo.ac.jp/timetable/slbssbdr.do?value(risyunen)=2016&value(semekikn)=1&value(kougicd)=BT506&value(crclumcd)=,2016
4,14,GBU4810,その他,卒論演習1,竹澤　伸哉,1,4,2,6406,1,nil,https://sy.rikkyo.ac.jp/timetable/slbssbdr.do?value(risyunen)=2016&value(semekikn)=1&value(kougicd)=BT519&value(crclumcd)=,2016
4,14,BUS4810,その他,卒論演習2,有馬　賢治,2,4,2,研究室,1,nil,https://sy.rikkyo.ac.jp/timetable/slbssbdr.do?value(risyunen)=2016&value(semekikn)=1&value(kougicd)=BT552&value(crclumcd)=,2016
4,14,BUS4810,その他,卒論演習2,亀川　雅人,2,4,2,9B03,1,nil,https://sy.rikkyo.ac.jp/timetable/slbssbdr.do?value(risyunen)=2016&value(semekikn)=1&value(kougicd)=BT556&value(crclumcd)=,2016
4,14,GBU4810,その他,卒論演習2,竹澤　伸哉,2,4,2,6406,1,nil,https://sy.rikkyo.ac.jp/timetable/slbssbdr.do?value(risyunen)=2016&value(semekikn)=1&value(kougicd)=BT569&value(crclumcd)=,2016
4,14,BUS4200,BT134,ビジネス・ケーススタディ,村上　善紀,1,4,2,9204,1,nil,https://sy.rikkyo.ac.jp/timetable/slbssbdr.do?value(risyunen)=2016&value(semekikn)=1&value(kougicd)=BT134&value(crclumcd)=,2016
4,14,GBU2301,BT188,Financial Accounting,岡本　紀明,1,4,2,M301,1,nil,https://sy.rikkyo.ac.jp/timetable/slbssbdr.do?value(risyunen)=2016&value(semekikn)=1&value(kougicd)=BT188&value(crclumcd)=,2016
4,14,GBU3301,BT118,Financial Statement Analysis,岡本　紀明,2,4,2,A203,1,nil,https://sy.rikkyo.ac.jp/timetable/slbssbdr.do?value(risyunen)=2016&value(semekikn)=1&value(kougicd)=BT118&value(crclumcd)=,2016
4,14,GBU2401,抽選登録,Language and Culture,小坂　貴志,1,4,2,7302,1,nil,https://sy.rikkyo.ac.jp/timetable/slbssbdr.do?value(risyunen)=2016&value(semekikn)=1&value(kougicd)=BT207&value(crclumcd)=,2016
4,14,BUS2400,抽選登録,異文化コミュニケーション論,小坂　貴志,1,4,3,M302,1,nil,https://sy.rikkyo.ac.jp/timetable/slbssbdr.do?value(risyunen)=2016&value(semekikn)=1&value(kougicd)=BT212&value(crclumcd)=,2016
4,14,BUS2400,抽選登録,異文化コミュニケーション論,小坂　貴志,2,4,3,M302,1,nil,https://sy.rikkyo.ac.jp/timetable/slbssbdr.do?value(risyunen)=2016&value(semekikn)=1&value(kougicd)=BT213&value(crclumcd)=,2016
4,14,BUS4200,BT133,オーガニゼーション・リサーチ,村上　善紀,1,4,3,D302,1,nil,https://sy.rikkyo.ac.jp/timetable/slbssbdr.do?value(risyunen)=2016&value(semekikn)=1&value(kougicd)=BT133&value(crclumcd)=,2016
4,14,GBU3010,その他,3年次演習1,日向野　幹也,1,4,3,X208,1,nil,https://sy.rikkyo.ac.jp/timetable/slbssbdr.do?value(risyunen)=2016&value(semekikn)=1&value(kougicd)=BT416&value(crclumcd)=,2016
4,14,GBU3010,その他,3年次演習2,日向野　幹也,2,4,3,X208,1,nil,https://sy.rikkyo.ac.jp/timetable/slbssbdr.do?value(risyunen)=2016&value(semekikn)=1&value(kougicd)=BT466&value(crclumcd)=,2016
4,14,BUS4810,その他,卒論演習1,高岡　美佳,1,4,3,4408,1,nil,https://sy.rikkyo.ac.jp/timetable/slbssbdr.do?value(risyunen)=2016&value(semekikn)=1&value(kougicd)=BT510&value(crclumcd)=,2016
4,14,GBU4810,その他,卒論演習1,松本　茂,1,4,3,9B01,1,nil,https://sy.rikkyo.ac.jp/timetable/slbssbdr.do?value(risyunen)=2016&value(semekikn)=1&value(kougicd)=BT517&value(crclumcd)=,2016
4,14,GBU4810,その他,卒論演習1,辻　洋右,1,4,3,7205,1,nil,https://sy.rikkyo.ac.jp/timetable/slbssbdr.do?value(risyunen)=2016&value(semekikn)=1&value(kougicd)=BT520&value(crclumcd)=,2016
4,14,BUS4810,その他,卒論演習2,高岡　美佳,2,4,3,7203,1,nil,https://sy.rikkyo.ac.jp/timetable/slbssbdr.do?value(risyunen)=2016&value(semekikn)=1&value(kougicd)=BT560&value(crclumcd)=,2016
4,14,GBU4810,その他,卒論演習2,松本　茂,2,4,3,9B01,1,nil,https://sy.rikkyo.ac.jp/timetable/slbssbdr.do?value(risyunen)=2016&value(semekikn)=1&value(kougicd)=BT567&value(crclumcd)=,2016
4,14,GBU4810,その他,卒論演習2,辻　洋右,2,4,3,7205,1,nil,https://sy.rikkyo.ac.jp/timetable/slbssbdr.do?value(risyunen)=2016&value(semekikn)=1&value(kougicd)=BT570&value(crclumcd)=,2016
4,14,BUS2010,その他,2年次演習1,有馬　賢治,1,4,3,7202,1,nil,https://sy.rikkyo.ac.jp/timetable/slbssbdr.do?value(risyunen)=2016&value(semekikn)=1&value(kougicd)=BT302&value(crclumcd)=,2016
4,14,GBU2010,その他,2年次演習1,尾﨑　俊哉,1,4,3,6305,1,nil,https://sy.rikkyo.ac.jp/timetable/slbssbdr.do?value(risyunen)=2016&value(semekikn)=1&value(kougicd)=BT304&value(crclumcd)=,2016
4,14,BUS2010,その他,2年次演習1,亀川　雅人,1,4,3,5405,1,nil,https://sy.rikkyo.ac.jp/timetable/slbssbdr.do?value(risyunen)=2016&value(semekikn)=1&value(kougicd)=BT306&value(crclumcd)=,2016
4,14,BUS2010,その他,2年次演習1,松井　泰則,1,4,3,X306,1,nil,https://sy.rikkyo.ac.jp/timetable/slbssbdr.do?value(risyunen)=2016&value(semekikn)=1&value(kougicd)=BT313&value(crclumcd)=,2016
4,14,GBU2010,その他,2年次演習1,竹澤　伸哉,1,4,3,6406,1,nil,https://sy.rikkyo.ac.jp/timetable/slbssbdr.do?value(risyunen)=2016&value(semekikn)=1&value(kougicd)=BT319&value(crclumcd)=,2016
4,14,GBU2010,その他,2年次演習1,岡本　紀明,1,4,3,D502,1,nil,https://sy.rikkyo.ac.jp/timetable/slbssbdr.do?value(risyunen)=2016&value(semekikn)=1&value(kougicd)=BT322&value(crclumcd)=,2016
4,14,BUS2010,その他,2年次演習2,有馬　賢治,2,4,3,7202,1,nil,https://sy.rikkyo.ac.jp/timetable/slbssbdr.do?value(risyunen)=2016&value(semekikn)=1&value(kougicd)=BT352&value(crclumcd)=,2016
4,14,GBU2010,その他,2年次演習2,尾﨑　俊哉,2,4,3,6305,1,nil,https://sy.rikkyo.ac.jp/timetable/slbssbdr.do?value(risyunen)=2016&value(semekikn)=1&value(kougicd)=BT354&value(crclumcd)=,2016
4,14,BUS2010,その他,2年次演習2,亀川　雅人,2,4,3,9B03,1,nil,https://sy.rikkyo.ac.jp/timetable/slbssbdr.do?value(risyunen)=2016&value(semekikn)=1&value(kougicd)=BT356&value(crclumcd)=,2016
4,14,BUS2010,その他,2年次演習2,松井　泰則,2,4,3,X306,1,nil,https://sy.rikkyo.ac.jp/timetable/slbssbdr.do?value(risyunen)=2016&value(semekikn)=1&value(kougicd)=BT363&value(crclumcd)=,2016
4,14,GBU2010,その他,2年次演習2,竹澤　伸哉,2,4,3,6406,1,nil,https://sy.rikkyo.ac.jp/timetable/slbssbdr.do?value(risyunen)=2016&value(semekikn)=1&value(kougicd)=BT369&value(crclumcd)=,2016
4,14,GBU2010,その他,2年次演習2,岡本　紀明,2,4,3,D502,1,nil,https://sy.rikkyo.ac.jp/timetable/slbssbdr.do?value(risyunen)=2016&value(semekikn)=1&value(kougicd)=BT372&value(crclumcd)=,2016
4,14,GBU2701,BT209,Business and Society in Japan,シャンカー,2,4,3,5321,1,nil,https://sy.rikkyo.ac.jp/timetable/slbssbdr.do?value(risyunen)=2016&value(semekikn)=1&value(kougicd)=BT209&value(crclumcd)=,2016
4,14,GBU3401,抽選登録,Business Communication,フォウラー，Ｒ,1,4,3,6209,1,nil,https://sy.rikkyo.ac.jp/timetable/slbssbdr.do?value(risyunen)=2016&value(semekikn)=1&value(kougicd)=BT211&value(crclumcd)=,2016
4,14,BUS2100,抽選登録,マーケティング・リサーチ,本橋　永至,1,4,3,8303,1,nil,https://sy.rikkyo.ac.jp/timetable/slbssbdr.do?value(risyunen)=2016&value(semekikn)=1&value(kougicd)=BT025&value(crclumcd)=,2016
4,14,BUS2013,その他,ワークショップ演習Ｆ,廣瀬　文乃,2,4,3,5214,1,nil,https://sy.rikkyo.ac.jp/timetable/slbssbdr.do?value(risyunen)=2016&value(semekikn)=1&value(kougicd)=BT286&value(crclumcd)=,2016
4,14,BUS2013,その他,ワークショップ演習Ｂ,廣瀬　文乃,1,4,3,5309,1,nil,https://sy.rikkyo.ac.jp/timetable/slbssbdr.do?value(risyunen)=2016&value(semekikn)=1&value(kougicd)=BT282&value(crclumcd)=,2016
4,14,GBU3401,抽選登録,Intercultural Business Management,クラウセン,2,4,3,X107,1,nil,https://sy.rikkyo.ac.jp/timetable/slbssbdr.do?value(risyunen)=2016&value(semekikn)=1&value(kougicd)=BT215&value(crclumcd)=,2016
4,14,GBU3401,抽選登録,Intercultural Business Management,クラウセン,2,4,4,X107,1,nil,https://sy.rikkyo.ac.jp/timetable/slbssbdr.do?value(risyunen)=2016&value(semekikn)=1&value(kougicd)=BT215&value(crclumcd)=,2016
4,14,GBU4101,抽選登録,Cases in Marketing Strategy and Operations,マーシャル,1,4,3,D402,nil,https://sy.rikkyo.ac.jp/timetable/slbssbdr.do?value(risyunen)=2016&value(semekikn)=1&value(kougicd)=BT132&value(crclumcd)=,2016
4,14,GBU4101,抽選登録,Cases in Marketing Strategy and Operations,マーシャル,1,4,4,D402,1,nil,https://sy.rikkyo.ac.jp/timetable/slbssbdr.do?value(risyunen)=2016&value(semekikn)=1&value(kougicd)=BT132&value(crclumcd)=,2016
4,14,BUS3010,その他,3年次演習1,2野　晶二,1,4,4,6206,1,nil,https://sy.rikkyo.ac.jp/timetable/slbssbdr.do?value(risyunen)=2016&value(semekikn)=1&value(kougicd)=BT401&value(crclumcd)=,2016
4,14,BUS3010,その他,3年次演習1,有馬　賢治,1,4,4,7202,1,nil,https://sy.rikkyo.ac.jp/timetable/slbssbdr.do?value(risyunen)=2016&value(semekikn)=1&value(kougicd)=BT402&value(crclumcd)=,2016
4,14,GBU3010,その他,3年次演習1,尾﨑　俊哉,1,4,4,6305,1,nil,https://sy.rikkyo.ac.jp/timetable/slbssbdr.do?value(risyunen)=2016&value(semekikn)=1&value(kougicd)=BT404&value(crclumcd)=,2016
4,14,BUS3010,その他,3年次演習1,亀川　雅人,1,4,4,5405,1,nil,https://sy.rikkyo.ac.jp/timetable/slbssbdr.do?value(risyunen)=2016&value(semekikn)=1&value(kougicd)=BT406&value(crclumcd)=,2016
4,14,BUS3010,その他,3年次演習1,松井　泰則,1,4,4,X306,1,nil,https://sy.rikkyo.ac.jp/timetable/slbssbdr.do?value(risyunen)=2016&value(semekikn)=1&value(kougicd)=BT413&value(crclumcd)=,2016
4,14,BUS3010,その他,3年次演習1,保科　悦久,1,4,4,5308,1,nil,https://sy.rikkyo.ac.jp/timetable/slbssbdr.do?value(risyunen)=2016&value(semekikn)=1&value(kougicd)=BT418&value(crclumcd)=,2016
4,14,GBU3010,その他,3年次演習1,竹澤　伸哉,1,4,4,6406,1,nil,https://sy.rikkyo.ac.jp/timetable/slbssbdr.do?value(risyunen)=2016&value(semekikn)=1&value(kougicd)=BT419&value(crclumcd)=,2016
4,14,GBU3010,その他,3年次演習1,辻　洋右,1,4,4,7205,1,nil,https://sy.rikkyo.ac.jp/timetable/slbssbdr.do?value(risyunen)=2016&value(semekikn)=1&value(kougicd)=BT420&value(crclumcd)=,2016
4,14,GBU3010,その他,3年次演習1,岡本　紀明,1,4,4,D502,1,nil,https://sy.rikkyo.ac.jp/timetable/slbssbdr.do?value(risyunen)=2016&value(semekikn)=1&value(kougicd)=BT422&value(crclumcd)=,2016
4,14,BUS3010,その他,3年次演習2,2野　晶二,2,4,4,6206,1,nil,https://sy.rikkyo.ac.jp/timetable/slbssbdr.do?value(risyunen)=2016&value(semekikn)=1&value(kougicd)=BT451&value(crclumcd)=,2016
4,14,BUS3010,その他,3年次演習2,有馬　賢治,2,4,4,7202,1,nil,https://sy.rikkyo.ac.jp/timetable/slbssbdr.do?value(risyunen)=2016&value(semekikn)=1&value(kougicd)=BT452&value(crclumcd)=,2016
4,14,GBU3010,その他,3年次演習2,尾﨑　俊哉,2,4,4,6305,1,nil,https://sy.rikkyo.ac.jp/timetable/slbssbdr.do?value(risyunen)=2016&value(semekikn)=1&value(kougicd)=BT454&value(crclumcd)=,2016
4,14,BUS3010,その他,3年次演習2,亀川　雅人,2,4,4,9B03,1,nil,https://sy.rikkyo.ac.jp/timetable/slbssbdr.do?value(risyunen)=2016&value(semekikn)=1&value(kougicd)=BT456&value(crclumcd)=,2016
4,14,BUS3010,その他,3年次演習2,松井　泰則,2,4,4,X306,1,nil,https://sy.rikkyo.ac.jp/timetable/slbssbdr.do?value(risyunen)=2016&value(semekikn)=1&value(kougicd)=BT463&value(crclumcd)=,2016
4,14,BUS3010,その他,3年次演習2,保科　悦久,2,4,4,5308,1,nil,https://sy.rikkyo.ac.jp/timetable/slbssbdr.do?value(risyunen)=2016&value(semekikn)=1&value(kougicd)=BT468&value(crclumcd)=,2016
4,14,GBU3010,その他,3年次演習2,竹澤　伸哉,2,4,4,6406,1,nil,https://sy.rikkyo.ac.jp/timetable/slbssbdr.do?value(risyunen)=2016&value(semekikn)=1&value(kougicd)=BT469&value(crclumcd)=,2016
4,14,GBU3010,その他,3年次演習2,辻　洋右,2,4,4,7205,1,nil,https://sy.rikkyo.ac.jp/timetable/slbssbdr.do?value(risyunen)=2016&value(semekikn)=1&value(kougicd)=BT470&value(crclumcd)=,2016
4,14,GBU3010,その他,3年次演習2,岡本　紀明,2,4,4,D502,1,nil,https://sy.rikkyo.ac.jp/timetable/slbssbdr.do?value(risyunen)=2016&value(semekikn)=1&value(kougicd)=BT472&value(crclumcd)=,2016
4,14,BUS3820,抽選登録,社会調査実習,朝岡　誠,3,4,4,8501,1,nil,https://sy.rikkyo.ac.jp/timetable/slbssbdr.do?value(risyunen)=2016&value(semekikn)=1&value(kougicd)=BT148&value(crclumcd)=,2016
4,14,BUS4100,BT070,データ・マイニング,本橋　永至,1,4,4,8403,1,nil,https://sy.rikkyo.ac.jp/timetable/slbssbdr.do?value(risyunen)=2016&value(semekikn)=1&value(kougicd)=BT070&value(crclumcd)=,2016
4,14,BUS2010,その他,2年次演習1,高岡　美佳,1,4,4,4408,1,nil,https://sy.rikkyo.ac.jp/timetable/slbssbdr.do?value(risyunen)=2016&value(semekikn)=1&value(kougicd)=BT310&value(crclumcd)=,2016
4,14,GBU2010,その他,2年次演習1,松本　茂,1,4,4,9B01,1,nil,https://sy.rikkyo.ac.jp/timetable/slbssbdr.do?value(risyunen)=2016&value(semekikn)=1&value(kougicd)=BT317&value(crclumcd)=,2016
4,14,BUS2010,その他,2年次演習2,高岡　美佳,2,4,4,7203,1,nil,https://sy.rikkyo.ac.jp/timetable/slbssbdr.do?value(risyunen)=2016&value(semekikn)=1&value(kougicd)=BT360&value(crclumcd)=,2016
4,14,GBU2010,その他,2年次演習2,松本　茂,2,4,4,9B01,1,nil,https://sy.rikkyo.ac.jp/timetable/slbssbdr.do?value(risyunen)=2016&value(semekikn)=1&value(kougicd)=BT367&value(crclumcd)=,2016
4,14,BUS2510,その他,ＢＬ３―Ｃ,舘野　泰一　高橋　俊之,1,4,4,X209,1,nil,https://sy.rikkyo.ac.jp/timetable/slbssbdr.do?value(risyunen)=2016&value(semekikn)=1&value(kougicd)=BT628&value(crclumcd)=,2016
4,14,BUS3010,その他,3年次演習1,高岡　美佳,1,4,5,4408,1,nil,https://sy.rikkyo.ac.jp/timetable/slbssbdr.do?value(risyunen)=2016&value(semekikn)=1&value(kougicd)=BT410&value(crclumcd)=,2016
4,14,GBU3010,その他,3年次演習1,松本　茂,1,4,5,9B01,1,nil,https://sy.rikkyo.ac.jp/timetable/slbssbdr.do?value(risyunen)=2016&value(semekikn)=1&value(kougicd)=BT417&value(crclumcd)=,2016
4,14,BUS3010,その他,3年次演習2,高岡　美佳,2,4,5,7203,1,nil,https://sy.rikkyo.ac.jp/timetable/slbssbdr.do?value(risyunen)=2016&value(semekikn)=1&value(kougicd)=BT460&value(crclumcd)=,2016
4,14,GBU3010,その他,3年次演習2,松本　茂,2,4,5,9B01,1,nil,https://sy.rikkyo.ac.jp/timetable/slbssbdr.do?value(risyunen)=2016&value(semekikn)=1&value(kougicd)=BT467&value(crclumcd)=,2016
4,14,GBU4810,その他,卒論演習1,尾﨑　俊哉,1,4,5,6305,1,nil,https://sy.rikkyo.ac.jp/timetable/slbssbdr.do?value(risyunen)=2016&value(semekikn)=1&value(kougicd)=BT504&value(crclumcd)=,2016
4,14,BUS4810,その他,卒論演習1,松井　泰則,1,4,5,X306,1,nil,https://sy.rikkyo.ac.jp/timetable/slbssbdr.do?value(risyunen)=2016&value(semekikn)=1&value(kougicd)=BT513&value(crclumcd)=,2016
4,14,BUS4810,その他,卒論演習1,保科　悦久,1,4,5,5308,1,nil,https://sy.rikkyo.ac.jp/timetable/slbssbdr.do?value(risyunen)=2016&value(semekikn)=1&value(kougicd)=BT518&value(crclumcd)=,2016
4,14,GBU4810,その他,卒論演習2,尾﨑　俊哉,2,4,5,6305,1,nil,https://sy.rikkyo.ac.jp/timetable/slbssbdr.do?value(risyunen)=2016&value(semekikn)=1&value(kougicd)=BT554&value(crclumcd)=,2016
4,14,BUS4810,その他,卒論演習2,松井　泰則,2,4,5,X306,1,nil,https://sy.rikkyo.ac.jp/timetable/slbssbdr.do?value(risyunen)=2016&value(semekikn)=1&value(kougicd)=BT563&value(crclumcd)=,2016
4,14,BUS4810,その他,卒論演習2,保科　悦久,2,4,5,5308,1,nil,https://sy.rikkyo.ac.jp/timetable/slbssbdr.do?value(risyunen)=2016&value(semekikn)=1&value(kougicd)=BT568&value(crclumcd)=,2016
4,14,BUS2010,その他,2年次演習1,2野　晶二,1,4,5,6206,1,nil,https://sy.rikkyo.ac.jp/timetable/slbssbdr.do?value(risyunen)=2016&value(semekikn)=1&value(kougicd)=BT301&value(crclumcd)=,2016
4,14,GBU2010,その他,2年次演習1,辻　洋右,1,4,5,7205,1,nil,https://sy.rikkyo.ac.jp/timetable/slbssbdr.do?value(risyunen)=2016&value(semekikn)=1&value(kougicd)=BT320&value(crclumcd)=,2016
4,14,GBU2010,その他,2年次演習1,シュールズ，Ｄ,1,4,5,6209,1,nil,https://sy.rikkyo.ac.jp/timetable/slbssbdr.do?value(risyunen)=2016&value(semekikn)=1&value(kougicd)=BT321&value(crclumcd)=,2016
4,14,BUS2010,その他,2年次演習2,2野　晶二,2,4,5,6206,1,nil,https://sy.rikkyo.ac.jp/timetable/slbssbdr.do?value(risyunen)=2016&value(semekikn)=1&value(kougicd)=BT351&value(crclumcd)=,2016
4,14,GBU2010,その他,2年次演習2,辻　洋右,2,4,5,7205,1,nil,https://sy.rikkyo.ac.jp/timetable/slbssbdr.do?value(risyunen)=2016&value(semekikn)=1&value(kougicd)=BT370&value(crclumcd)=,2016
4,14,GBU2010,その他,2年次演習2,シュールズ，Ｄ,2,4,5,6209,1,nil,https://sy.rikkyo.ac.jp/timetable/slbssbdr.do?value(risyunen)=2016&value(semekikn)=1&value(kougicd)=BT371&value(crclumcd)=,2016
4,14,BUS2510,その他,ＢＬ３―Ｃ,高橋　俊之　海老原　一司,1,4,6,5209,1,nil,https://sy.rikkyo.ac.jp/timetable/slbssbdr.do?value(risyunen)=2016&value(semekikn)=1&value(kougicd)=BT629&value(crclumcd)=,2016
4,14,BUS3200,抽選登録,人材マネジメント論,谷内　篤博,2,5,1,5123,1,nil,https://sy.rikkyo.ac.jp/timetable/slbssbdr.do?value(risyunen)=2016&value(semekikn)=1&value(kougicd)=BT101&value(crclumcd)=,2016
4,14,GBU2611,自動またはその他,ＥＳＰ－Ｂ,トンプソン，Ｇ,2,5,2,6209,1,nil,https://sy.rikkyo.ac.jp/timetable/slbssbdr.do?value(risyunen)=2016&value(semekikn)=1&value(kougicd)=BT686&value(crclumcd)=,2016
4,14,GBU2611,自動またはその他,ＥＳＰ－Ｂ,ガスリー，Ｂ．,2,5,2,7203,1,nil,https://sy.rikkyo.ac.jp/timetable/slbssbdr.do?value(risyunen)=2016&value(semekikn)=1&value(kougicd)=BT687&value(crclumcd)=,2016
4,14,GBU2611,自動またはその他,ＥＳＰ－Ｂ,ラッセル，Ｍ．,2,5,2,7204,1,nil,https://sy.rikkyo.ac.jp/timetable/slbssbdr.do?value(risyunen)=2016&value(semekikn)=1&value(kougicd)=BT688&value(crclumcd)=,2016
4,14,BUS2700,BT028,経営と社会,細萱　伸子,2,5,2, ９大,1,nil,https://sy.rikkyo.ac.jp/timetable/slbssbdr.do?value(risyunen)=2016&value(semekikn)=1&value(kougicd)=BT028&value(crclumcd)=,2016
4,14,GBU2000,BT064,国際経営論,尾﨑　俊哉,1,5,2,7102,1,国際経営2年次以外,https://sy.rikkyo.ac.jp/timetable/slbssbdr.do?value(risyunen)=2016&value(semekikn)=1&value(kougicd)=BT064&value(crclumcd)=,2016
4,14,BUS3010,その他,3年次演習1,山口　和範,1,5,2,6305,1,nil,https://sy.rikkyo.ac.jp/timetable/slbssbdr.do?value(risyunen)=2016&value(semekikn)=1&value(kougicd)=BT414&value(crclumcd)=,2016
4,14,BUS3010,その他,3年次演習2,山口　和範,2,5,2,6305,1,nil,https://sy.rikkyo.ac.jp/timetable/slbssbdr.do?value(risyunen)=2016&value(semekikn)=1&value(kougicd)=BT464&value(crclumcd)=,2016
4,14,BUS3013,その他,ワークショップ演習Ｈ,石井　泰幸,2,5,2,D601,1,nil,https://sy.rikkyo.ac.jp/timetable/slbssbdr.do?value(risyunen)=2016&value(semekikn)=1&value(kougicd)=BT288&value(crclumcd)=,2016
4,14,GBU1611,自動またはその他,ＥＡＰ１,ドノヴァン，Ｈ,2,5,3,6205,1,nil,https://sy.rikkyo.ac.jp/timetable/slbssbdr.do?value(risyunen)=2016&value(semekikn)=1&value(kougicd)=BT651&value(crclumcd)=,2016
4,14,GBU1611,自動またはその他,ＥＡＰ１,ガスリー，Ｂ．,2,5,3,6206,1,nil,https://sy.rikkyo.ac.jp/timetable/slbssbdr.do?value(risyunen)=2016&value(semekikn)=1&value(kougicd)=BT652&value(crclumcd)=,2016
4,14,GBU1611,自動またはその他,ＥＡＰ１,トンプソン，Ｇ,2,5,3,6209,1,nil,https://sy.rikkyo.ac.jp/timetable/slbssbdr.do?value(risyunen)=2016&value(semekikn)=1&value(kougicd)=BT653&value(crclumcd)=,2016
4,14,GBU1611,自動またはその他,ＥＡＰ１,ヴェラスコ,2,5,3,6405,1,nil,https://sy.rikkyo.ac.jp/timetable/slbssbdr.do?value(risyunen)=2016&value(semekikn)=1&value(kougicd)=BT655&value(crclumcd)=,2016
4,14,GBU2001,自動またはその他,International Business-B,尾﨑　俊哉　フォウラー，Ｒ　廣瀬　文乃,2,5,3,M201,1,nil,https://sy.rikkyo.ac.jp/timetable/slbssbdr.do?value(risyunen)=2016&value(semekikn)=1&value(kougicd)=BT172&value(crclumcd)=,2016
4,14,BUS3300,BT117,インベストメント,伊藤　彰敏,2,5,3,8202,1,nil,https://sy.rikkyo.ac.jp/timetable/slbssbdr.do?value(risyunen)=2016&value(semekikn)=1&value(kougicd)=BT117&value(crclumcd)=,2016
4,14,GBU2000,自動登録,国際経営論,尾﨑　俊哉,1,5,3,M201,1,国際経営2年次,https://sy.rikkyo.ac.jp/timetable/slbssbdr.do?value(risyunen)=2016&value(semekikn)=1&value(kougicd)=BT164&value(crclumcd)=,2016
4,14,BUS2300,BT143,財務会計,倍　和博,1,5,3,8202,1,nil,https://sy.rikkyo.ac.jp/timetable/slbssbdr.do?value(risyunen)=2016&value(semekikn)=1&value(kougicd)=BT143&value(crclumcd)=,2016
4,14,BUS4810,その他,卒論演習1,石川　淳,1,5,3,X207,1,nil,https://sy.rikkyo.ac.jp/timetable/slbssbdr.do?value(risyunen)=2016&value(semekikn)=1&value(kougicd)=BT503&value(crclumcd)=,2016
4,14,BUS4810,その他,卒論演習1,佐々木　宏,1,5,3,6406,1,nil,https://sy.rikkyo.ac.jp/timetable/slbssbdr.do?value(risyunen)=2016&value(semekikn)=1&value(kougicd)=BT507&value(crclumcd)=,2016
4,14,BUS4810,その他,卒論演習1,山口　和範,1,5,3,6305,1,nil,https://sy.rikkyo.ac.jp/timetable/slbssbdr.do?value(risyunen)=2016&value(semekikn)=1&value(kougicd)=BT514&value(crclumcd)=,2016
4,14,BUS4810,その他,卒論演習2,石川　淳,2,5,3,X207,1,nil,https://sy.rikkyo.ac.jp/timetable/slbssbdr.do?value(risyunen)=2016&value(semekikn)=1&value(kougicd)=BT553&value(crclumcd)=,2016
4,14,BUS4810,その他,卒論演習2,佐々木　宏,2,5,3,6406,1,nil,https://sy.rikkyo.ac.jp/timetable/slbssbdr.do?value(risyunen)=2016&value(semekikn)=1&value(kougicd)=BT557&value(crclumcd)=,2016
4,14,BUS4810,その他,卒論演習2,山口　和範,2,5,3,6305,1,nil,https://sy.rikkyo.ac.jp/timetable/slbssbdr.do?value(risyunen)=2016&value(semekikn)=1&value(kougicd)=BT564&value(crclumcd)=,2016
4,14,BUS1220,抽選登録,ＩＣＴリテラシー,宮本　道子,1,5,4,8301,1,nil,https://sy.rikkyo.ac.jp/timetable/slbssbdr.do?value(risyunen)=2016&value(semekikn)=1&value(kougicd)=BT051&value(crclumcd)=,2016
4,14,BUS1220,抽選登録,ＩＣＴリテラシー,内川　一明,1,5,4,8302,1,nil,https://sy.rikkyo.ac.jp/timetable/slbssbdr.do?value(risyunen)=2016&value(semekikn)=1&value(kougicd)=BT053&value(crclumcd)=,2016
4,14,GBU1611,自動またはその他,ＥＡＰ１,ドノヴァン，Ｈ,2,5,4,6205,1,nil,https://sy.rikkyo.ac.jp/timetable/slbssbdr.do?value(risyunen)=2016&value(semekikn)=1&value(kougicd)=BT656&value(crclumcd)=,2016
4,14,GBU1611,自動またはその他,ＥＡＰ１,ガスリー，Ｂ．,2,5,4,6206,1,nil,https://sy.rikkyo.ac.jp/timetable/slbssbdr.do?value(risyunen)=2016&value(semekikn)=1&value(kougicd)=BT657&value(crclumcd)=,2016
4,14,GBU1611,自動またはその他,ＥＡＰ１,トンプソン，Ｇ,2,5,4,6209,1,nil,https://sy.rikkyo.ac.jp/timetable/slbssbdr.do?value(risyunen)=2016&value(semekikn)=1&value(kougicd)=BT658&value(crclumcd)=,2016
4,14,GBU1611,自動またはその他,ＥＡＰ１,ヴェラスコ,2,5,4,6405,1,nil,https://sy.rikkyo.ac.jp/timetable/slbssbdr.do?value(risyunen)=2016&value(semekikn)=1&value(kougicd)=BT660&value(crclumcd)=,2016
4,14,BUS3100,BT144,ｅビジネス＆マーケティング,大嶋　淳俊,1,5,4,4402,1,nil,https://sy.rikkyo.ac.jp/timetable/slbssbdr.do?value(risyunen)=2016&value(semekikn)=1&value(kougicd)=BT144&value(crclumcd)=,2016
4,14,BUS1300,自動登録,会計学入門,倍　和博,1,5,4,4406,1,nil,https://sy.rikkyo.ac.jp/timetable/slbssbdr.do?value(risyunen)=2016&value(semekikn)=1&value(kougicd)=BT018&value(crclumcd)=,2016
4,14,GBU3400,BT119,グローバリゼーションと地域,アブーダリ,2,5,4,D301,1,nil,https://sy.rikkyo.ac.jp/timetable/slbssbdr.do?value(risyunen)=2016&value(semekikn)=1&value(kougicd)=BT119&value(crclumcd)=,2016
4,14,BUS2300,抽選登録,財務諸表分析,倍　和博,2,5,4,5123,1,nil,https://sy.rikkyo.ac.jp/timetable/slbssbdr.do?value(risyunen)=2016&value(semekikn)=1&value(kougicd)=BT063&value(crclumcd)=,2016
4,14,GBU4810,その他,卒論演習1,日向野　幹也,1,5,4,4251,1,nil,https://sy.rikkyo.ac.jp/timetable/slbssbdr.do?value(risyunen)=2016&value(semekikn)=1&value(kougicd)=BT516&value(crclumcd)=,2016
4,14,GBU4810,その他,卒論演習2,日向野　幹也,2,5,4,4251,1,nil,https://sy.rikkyo.ac.jp/timetable/slbssbdr.do?value(risyunen)=2016&value(semekikn)=1&value(kougicd)=BT566&value(crclumcd)=,2016
4,14,BUS2010,その他,2年次演習1,石川　淳,1,5,4,X207,1,nil,https://sy.rikkyo.ac.jp/timetable/slbssbdr.do?value(risyunen)=2016&value(semekikn)=1&value(kougicd)=BT303&value(crclumcd)=,2016
4,14,BUS2010,その他,2年次演習1,佐々木　宏,1,5,4,6406,1,nil,https://sy.rikkyo.ac.jp/timetable/slbssbdr.do?value(risyunen)=2016&value(semekikn)=1&value(kougicd)=BT307&value(crclumcd)=,2016
4,14,BUS2010,その他,2年次演習1,山口　和範,1,5,4,6305,1,nil,https://sy.rikkyo.ac.jp/timetable/slbssbdr.do?value(risyunen)=2016&value(semekikn)=1&value(kougicd)=BT314&value(crclumcd)=,2016
4,14,BUS2010,その他,2年次演習2,石川　淳,2,5,4,X207,1,nil,https://sy.rikkyo.ac.jp/timetable/slbssbdr.do?value(risyunen)=2016&value(semekikn)=1&value(kougicd)=BT353&value(crclumcd)=,2016
4,14,BUS2010,その他,2年次演習2,佐々木　宏,2,5,4,6406,1,nil,https://sy.rikkyo.ac.jp/timetable/slbssbdr.do?value(risyunen)=2016&value(semekikn)=1&value(kougicd)=BT357&value(crclumcd)=,2016
4,14,BUS2010,その他,2年次演習2,山口　和範,2,5,4,6305,1,nil,https://sy.rikkyo.ac.jp/timetable/slbssbdr.do?value(risyunen)=2016&value(semekikn)=1&value(kougicd)=BT364&value(crclumcd)=,2016
4,14,BUS1220,抽選登録,ＩＣＴリテラシー,宮本　道子,1,5,5,8301,1,nil,https://sy.rikkyo.ac.jp/timetable/slbssbdr.do?value(risyunen)=2016&value(semekikn)=1&value(kougicd)=BT052&value(crclumcd)=,2016
4,14,BUS1220,抽選登録,ＩＣＴリテラシー,内川　一明,1,5,5,8302,1,nil,https://sy.rikkyo.ac.jp/timetable/slbssbdr.do?value(risyunen)=2016&value(semekikn)=1&value(kougicd)=BT054&value(crclumcd)=,2016
4,14,BUS3010,その他,3年次演習1,石川　淳,1,5,5,X207,1,nil,https://sy.rikkyo.ac.jp/timetable/slbssbdr.do?value(risyunen)=2016&value(semekikn)=1&value(kougicd)=BT403&value(crclumcd)=,2016
4,14,BUS3010,その他,3年次演習1,佐々木　宏,1,5,5,6406,1,nil,https://sy.rikkyo.ac.jp/timetable/slbssbdr.do?value(risyunen)=2016&value(semekikn)=1&value(kougicd)=BT407&value(crclumcd)=,2016
4,14,BUS3010,その他,3年次演習2,石川　淳,2,5,5,X207,1,nil,https://sy.rikkyo.ac.jp/timetable/slbssbdr.do?value(risyunen)=2016&value(semekikn)=1&value(kougicd)=BT453&value(crclumcd)=,2016
4,14,BUS3010,その他,3年次演習2,佐々木　宏,2,5,5,6406,1,nil,https://sy.rikkyo.ac.jp/timetable/slbssbdr.do?value(risyunen)=2016&value(semekikn)=1&value(kougicd)=BT457&value(crclumcd)=,2016
4,14,BUS2200,抽選登録,組織行動論,今井　裕紀,2,5,5,5122,1,nil,https://sy.rikkyo.ac.jp/timetable/slbssbdr.do?value(risyunen)=2016&value(semekikn)=1&value(kougicd)=BT104&value(crclumcd)=,2016
4,14,BUS2300,BT029,ビジネスエコノミクス,加賀見　一彰,1,5,5,4406,1,nil,https://sy.rikkyo.ac.jp/timetable/slbssbdr.do?value(risyunen)=2016&value(semekikn)=1&value(kougicd)=BT029&value(crclumcd)=,2016
4,14,GBU3201,その他,Business Project,シュールズ，Ｄ,2,5,5,6209,1,nil,https://sy.rikkyo.ac.jp/timetable/slbssbdr.do?value(risyunen)=2016&value(semekikn)=1&value(kougicd)=BT692&value(crclumcd)=,2016
4,14,BUS3510,その他,ＢＬ４,舘野　泰一　長田　太郎,1,5,5,4407,1,nil,https://sy.rikkyo.ac.jp/timetable/slbssbdr.do?value(risyunen)=2016&value(semekikn)=1&value(kougicd)=BT631&value(crclumcd)=,2016
4,14,BUS3300,BT115,会計監査,高山　昌茂,2,6,1,M201,1,nil,https://sy.rikkyo.ac.jp/timetable/slbssbdr.do?value(risyunen)=2016&value(semekikn)=1&value(kougicd)=BT115&value(crclumcd)=,2016
4,14,BUS3300,BT116,税務会計,高山　昌茂,1,6,1,M201,1,nil,https://sy.rikkyo.ac.jp/timetable/slbssbdr.do?value(risyunen)=2016&value(semekikn)=1&value(kougicd)=BT116&value(crclumcd)=,2016
4,14,BUS3800,BT222,企業人セミナー２,千葉　智之,1,6,2,5322,1,nil,https://sy.rikkyo.ac.jp/timetable/slbssbdr.do?value(risyunen)=2016&value(semekikn)=1&value(kougicd)=BT222&value(crclumcd)=,2016
4,14,GBU3301,BT184,Corporate Finance and Valuation,竹澤　伸哉　本合　暁詩,2,6,2,D401,1,nil,https://sy.rikkyo.ac.jp/timetable/slbssbdr.do?value(risyunen)=2016&value(semekikn)=1&value(kougicd)=BT184&value(crclumcd)=,2016
4,14,GBU4810,その他,卒論演習2,デイヴィス，Ｓ,2,6,5,6201,1,nil,https://sy.rikkyo.ac.jp/timetable/slbssbdr.do?value(risyunen)=2016&value(semekikn)=1&value(kougicd)=BT591&value(crclumcd)=,2016
